Tofaloglebi, GE
6th of October City, EG
A Coruña, ES
Aachen, DE
Aalborg, DK
Aba, NG
Abadan, IR
Abaetetuba, BR
Abakaliki, NG
Abakan, RU
Abbotsford, CA
Abbottabad, PK
Abengourou, CI
Abeokuta, NG
Aberdeen, GB
Aberdeen, HK
Abha, SA
Abidjan, CI
Abiko, JP
Abilene, US
Abnūb, EG
Abobo, CI
Abohar, IN
Abomey, BJ
Abomey-Calavi, BJ
Abreu e Lima, BR
Abu Dhabi, AE
Abuja, NG
Abéché, TD
Abū Ghurayb, IQ
Abū Kabīr, EG
Abū Tīj, EG
Acapulco de Juárez, MX
Acarigua, VE
Accra, GH
Achalpur, IN
Acheng, CN
Achinsk, RU
Acilia-Castel Fusano-Ostia Antica, IT
Ad-Damazin, SD
Ad-Damir, SD
Adachi, JP
Adana, TR
Adapazarı, TR
Addis Ababa, ET
Adelaide, AU
Aden, YE
Adiwerna, ID
Admiralteisky, RU
Ado-Ekiti, NG
Adoni, IN
Adıyaman, TR
Afyonkarahisar, TR
Agadez, NE
Agadir, MA
Agartala, IN
Ageo, JP
Agra, IN
Aguascalientes, MX
Ahilyanagar, IN
Ahmadpur East, PK
Ahmedabad, IN
Ahuntsic-Cartierville, CA
Ahvaz, IR
Aihara, JP
Aihui, CN
Ait Melloul, MA
Aix-en-Provence, FR
Aizawl, IN
Aizu-Wakamatsu, JP
Ajapnyak, AM
Ajax, CA
Ajdabiya, LY
Ajegunle, NG
Ajman, AE
Ajmer, IN
Akademicheskoe, RU
Akashi, JP
Akhmīm, EG
Akishima, JP
Akita, JP
Akola, IN
Akowonjo, NG
Akron, US
Aksaray, TR
Aktau, KZ
Aktobe, KZ
Akure, NG
Al Ain City, AE
Al Ajaylat, LY
Al Aḩmadī, KW
Al Bayḑā’, LY
Al Başrah al Qadīmah, IQ
Al Bāb, SY
Al Diwaniyah, IQ
Al Fallūjah, IQ
Al Fashn, EG
Al Fayyum, EG
Al Fqih Ben Çalah, MA
Al Fāw, IQ
Al Hillah, IQ
Al Hoceïma, MA
Al Hufūf, SA
Al Jadīd, LY
Al Jubayl, SA
Al Jumayl, LY
Al Kharj, SA
Al Khums, LY
Al Khuşūş, EG
Al Madīnah, IQ
Al Majaz, AE
Al Mansurah, EG
Al Manzalah, EG
Al Manāqil, SD
Al Mawşil al Jadīdah, IQ
Al Maţarīyah, EG
Al Maḩallah al Kubrá, EG
Al Maḩmūdīyah, IQ
Al Mubarraz, SA
Al Muharraq, BH
Al Qadarif, SD
Al Qurnah, IQ
Al Qāhirah al Jadīdah, EG
Al Ḩasakah, SY
Al Ḩawāmidīyah, EG
Al Ḩudaydah, YE
Al ‘Amārah, IQ
Al ‘Āshir min Ramaḑān, EG
Al-'Ubūr, EG
Al-Junaynah, SD
Al-Kut, IQ
Alagoinhas, BR
Alandur, IN
Alanya, TR
Alappuzha, IN
Albacete, ES
Albany, US
Alberton, ZA
Albuquerque, US
Alcalá de Henares, ES
Alchevsk, UA
Alcobendas, ES
Alcorcón, ES
Aleppo, SY
Alexandra, ZA
Alexandria, EG
Alexandria, US
Aley, LB
Algeciras, ES
Algiers, DZ
Alhambra, US
Aliayabiagba, NG
Alicante, ES
Alimosho, NG
Allentown, US
Almaty, KZ
Almendares, CU
Almere Stad, NL
Almería, ES
Almirante Tamandaré, BR
Alor Setar, MY
Altamira, BR
Alto Barinas, VE
Alto Hospicio, CL
Altona, DE
Alvorada, BR
Alwar, IN
Alīgarh, IN
Al’met’yevsk, RU
Amadora, PT
Amagasaki, JP
Amaigbo, NG
Amanfrom, GH
Amarapura, MM
Amaravati, IN
Amarillo, US
Amasya, TR
Ambala Sadar, IN
Ambarnath, IN
Ambato, EC
Ambattur, IN
Ambikāpur, IN
Ambon, ID
Ambur, IN
Ambāla, IN
Americana, BR
Amersfoort, NL
Amherst, US
Amiens, FR
Amman, JO
Ampang, MY
Amravati, IN
Amreli, IN
Amritsar, IN
Amroha, IN
Amsterdam, NL
An Nhơn, VN
An Nuhūd, SD
An Nu‘mānīyah, IQ
Anaco, VE
Anaheim, US
Anand, IN
Ananindeua, BR
Anantapur, IN
Anantnag, IN
Anbu, CN
Anchorage, US
Anda, CN
Anderlecht, BE
Andijon, UZ
Andong, KR
Andīmeshk, IR
Andīsheh, IR
Ang Mo Kio New Town, SG
Angarsk, RU
Angeles City, PH
Angers, FR
Angoche, MZ
Angono, PH
Angra dos Reis, BR
Angren, UZ
Anjō, JP
Ankang, CN
Ankara, TR
Anliu, CN
Ann Arbor, US
Ann, MM
Annaba, DZ
Anning, CN
Anqing, CN
Anqiu, CN
Ansan-si, KR
Anshan, CN
Anshun, CN
Antakya, TR
Antalya, TR
Antananarivo, MG
Antioch, US
Antipolo, PH
Antofagasta, CL
Antsirabe, MG
Antsiranana, MG
Antwerpen, BE
Anyama, CI
Anyang, CN
Anyang-si, KR
Anápolis, BR
Aomori, JP
Apalit, PH
Aparecida de Goiânia, BR
Apatzingán, MX
Apeldoorn, NL
Apopa, SV
Apucarana, BR
Aqsu, CN
Ar Ramthā, JO
Ar Raqqah, SY
Ar Rayyān, QA
Ar Rifā‘, BH
Arabkir, AM
Aracaju, BR
Arad, RO
Araguari, BR
Araguaína, BR
Arakawa, JP
Arapiraca, BR
Arapongas, BR
Arar, SA
Araraquara, BR
Araras, BR
Araruama, BR
Araucária, BR
Araure, VE
Araxá, BR
Araçatuba, BR
Arba Minch, ET
Arcahaie, HT
Archway, GB
Ardabīl, IR
Arequipa, PE
Arezzo, IT
Arganzuela, ES
Argenteuil, FR
Arica, CL
Arif Wala, PK
Arjawinangun, ID
Arkhangel’sk, RU
Arlington, US
Arlington, US
Arlit, NE
Armavir, RU
Armenia, CO
Arnavutköy, TR
Arnhem, NL
Arrah, IN
Arroyo Naranjo, CU
Arsuz, TR
Artur Alvim, BR
Artux, CN
Artëm, RU
Arusha, TZ
Arvada, US
Aryanah, TN
Arzamas, RU
Arāk, IR
Arīsh, EG
As Salţ, JO
As Samawah, IQ
As Sinbillāwayn, EG
As Suwayq, OM
As Sālimīyah, KW
Asahikawa, JP
Asaka, JP
Ashaiman, GH
Ashdod, IL
Ashgabat, TM
Ashikaga, JP
Ashkelon, IL
Ashmūn, EG
Ashoknagar Kalyangarh, IN
Ashuganj City, BD
Asmara, ER
Assis, BR
Assiut, EG
Astana, KZ
Astanajapura, ID
Astoria, US
Astrakhan, RU
Asunción, PY
Aswān, EG
Atani, NG
Ataşehir, TR
Atbara, SD
Athens, GR
Athens, US
Athlone, ZA
Atibaia, BR
Atlanta, US
Atsiaman, GH
Atsugi, JP
Atyrau, KZ
Auckland, NZ
Augsburg, DE
Aurangabad, IN
Aurangābād, IN
Aurora, US
Aurora, US
Austin, US
Avadi, IN
Avtozavodskyi, UA
Awasa, ET
Awka, NG
Ayacucho, PE
Aydın, TR
Az Zubayr, IQ
Az Zulfī, SA
Az Zāwīyah, LY
Azamgarh, IN
Azare, NG
Azcapotzalco, MX
Açailândia, BR
Aïn Beïda, DZ
Ağrı, TR
Ba Dinh, VN
Ba Vì, VN
Ba Đồn, VN
Bab Ezzouar, DZ
Bacabal, BR
Bachuan, CN
Bacolod City, PH
Bacoor, PH
Bacău, RO
Badajoz, ES
Badalona, ES
Bade, TW
Badin, PK
Badlapur, IN
Bafoussam, CM
Bagaha, IN
Bagalkot, IN
Bagerhat, BD
Baghdad, IQ
Baghlān, AF
Bago City, PH
Bago, MM
Bagong Silang, PH
Bagong Silangan, PH
Baguio, PH
Bahadurgarh, IN
Baharampur, IN
Bahawalnagar, PK
Bahawalnagar, PK
Bahawalpur, PK
Bahir Dar, ET
Bahraigh, IN
Bahçelievler, TR
Bahía Blanca, AR
Baia Mare, RO
Baicheng, CN
Baidoa, SO
Baidyabāti, IN
Bairro da Penha, BR
Baise, CN
Baisha, CN
Baishan, CN
Baiyin, CN
Bakersfield, US
Baku, AZ
Bakwa, CD
Balakovo, RU
Balashikha, RU
Balasore, IN
Balcón de la Lisa, CU
Balikpapan, ID
Baliuag, PH
Balkh, AF
Ballarat, AU
Ballari, IN
Balneário Camboriú, BR
Balsas, BR
Baltimore, US
Balvanera, AR
Balıkesir, TR
Bama, NG
Bamako, ML
Bamenda, CM
Ban I Chang, TH
Ban Khlong Prawet, TH
Ban Samae Dam, TH
Banan, CN
Banda Aceh, ID
Bandar Abbas, IR
Bandar Bukit Raja, MY
Bandar Lampung, ID
Bandar Seri Alam, MY
Bandar Sunway, MY
Bandar Tasik Puteri, MY
Bandar Utama, MY
Bandar-e Anzalī, IR
Bandar-e Māhshahr, IR
Bandundu Province, CD
Bandung, ID
Bandırma, TR
Banfora, BF
Bang Bon, TH
Bang Kapi, TH
Bang Khae, TH
Bang Khun Thian, TH
Bang Sue, TH
Bangaon, IN
Bangil, ID
Bangkok Noi, TH
Bangkok, TH
Bangui, CF
Banhā, EG
Banja Luka, BA
Banjar, ID
Banjaran, ID
Banjarmasin, ID
Bannu, PK
Banqiao, TW
Banyuwangi, ID
Banī Mazār, EG
Banī Suwayf, EG
Bao'an Centre, CN
Bao'an, CN
Baoding, CN
Baoji, CN
Baoshan, CN
Baoshan, CN
Baotou, CN
Baqubah, IQ
Barakaldo, ES
Baraki, DZ
Baranagar, IN
Baranovichi, BY
Barbacena, BR
Barcarena, BR
Barcelona, ES
Barcelona, VE
Barddhamān, IN
Bareilly, IN
Bari, IT
Bariadi, TZ
Barinas, VE
Baripāda, IN
Barishal, BD
Barnaul, RU
Barnāla, IN
Barquisimeto, VE
Barra Mansa, BR
Barrancabermeja, CO
Barranquilla, CO
Barreiras, BR
Barretos, BR
Barrie, CA
Barshi, IN
Barueri, BR
Baruta, VE
Barysaw, BY
Basel, CH
Bashan, CN
Basildon, GB
Basingstoke, GB
Basrah, IQ
Bastī, IN
Basuo, CN
Bat Yam, IL
Bata, GQ
Batam, ID
Batang, ID
Batangas, PH
Bataysk, RU
Bath, GB
Bathinda, IN
Batikent, TR
Batman, TR
Batna City, DZ
Baton Rouge, US
Battagram, PK
Battambang, KH
Batu Caves, MY
Batu Pahat, MY
Batu, ID
Batumi, GE
Baturaja, ID
Batāla, IN
Baubau, ID
Bauchi, NG
Bauru, BR
Bawshar, OM
Bayambang, PH
Bayamo, CU
Bayamón, PR
Bayan Lepas, MY
Bayan Nur, CN
Bayawan, PH
Bayugan, PH
Bağcılar, TR
Başakşehir, TR
Beau Bassin-Rose Hill, MU
Beaumont, US
Bedford, GB
Bedok New Town, SG
Beed, IN
Beersheba, IL
Begusarai, IN
Beibei, CN
Beihai, CN
Beijing, CN
Beiliu, CN
Beining, CN
Beipiao, CN
Beira, MZ
Beirut, LB
Bei’an, CN
Bekasi, ID
Belagavi, IN
Belawan, ID
Belfast, GB
Belford Roxo, BR
Belgorod, RU
Belgrade, RS
Belgrano, AR
Bella Vista, DO
Bellevue, US
Bello, CO
Belo Horizonte, BR
Belém, BR
Bemowo, PL
Bender, MD
Bendigo, AU
Bengaluru, IN
Bengbu, CN
Benghazi, LY
Bengkulu, ID
Benguela, AO
Beni Mellal, MA
Beni, CD
Benin City, NG
Benito Juarez, MX
Benito Juárez, MX
Benoni, ZA
Bento Gonçalves, BR
Benxi, CN
Beppu, JP
Berazategui, AR
Berbera, SO
Berbérati, CF
Bercham, MY
Berdyansk, UA
Berezniki, RU
Bergamo, IT
Bergedorf, DE
Bergen, NO
Bergisch Gladbach, DE
Berkane, MA
Berkeley, US
Berlin, DE
Bern, CH
Berrechid, MA
Bertoua, CM
Besançon, FR
Bet Shemesh, IL
Betim, BR
Bettiah, IN
Betūl, IN
Bexley, GB
Beylikdüzü, TR
Beāwar, IN
Bhadrak, IN
Bhadreswar, IN
Bhadrāvati, IN
Bhairab Bāzār, BD
Bhakkar, PK
Bharatpur, IN
Bharatpur, NP
Bharūch, IN
Bhatara, BD
Bhavnagar, IN
Bhayandar, IN
Bhetia, IN
Bhilai, IN
Bhilwara, IN
Bhimavaram, IN
Bhind, IN
Bhisho, ZA
Bhiwadi, IN
Bhiwandi, IN
Bhiwāni, IN
Bhopal, IN
Bhubaneswar, IN
Bhuj, IN
Bhusawal, IN
Bhāgalpur, IN
Bhālswa Jahangirpur, IN
Bhātpāra, IN
Białołeka, PL
Białystok, PL
Bibirevo, RU
Bida, NG
Bidar, IN
Bielany, PL
Bielefeld, DE
Bielsko-Biala, PL
Bihār Sharīf, IN
Bijie, CN
Bikaner, IN
Bila Tserkva, UA
Bilbao, ES
Bilbeis, EG
Bilimora, IN
Billings, US
Bilqās, EG
Bilāspur, IN
Bima, ID
Bimbo, CF
Binangonan, PH
Bingöl, TR
Binhe, CN
Binjai, ID
Bintulu, MY
Binzhou, CN
Biratnagar, NP
Birendranagar, NP
Birgañj, NP
Birigui, BR
Birkenhead, GB
Birmingham, GB
Birmingham, US
Birnin Kebbi, NG
Biryulëvo, RU
Bishan, CN
Bishkek, KG
Bishoftu, ET
Biskra, DZ
Bissau, GW
Bitung, ID
Biysk, RU
Bizerte, TN
Biên Hòa, VN
Biñan, PH
Blackburn, GB
Blackpool, GB
Blagoveshchensk, RU
Blantyre, MW
Blida, DZ
Blitar, ID
Bloemfontein, ZA
Blumenau, BR
Bnei Brak, IL
Bo, SL
Boa Vista, BR
Bobo-Dioulasso, BF
Bobruysk, BY
Bochum, DE
Bogor, ID
Bogorodskoye, RU
Bogotá, CO
Bogra, BD
Boise, US
Bojnūrd, IR
Bokhtar, TJ
Boksburg, ZA
Bokāro, IN
Bole, CN
Bologna, IT
Bolton, GB
Bolu, TR
Bolzano, IT
Boma, CD
Bondoukou, CI
Bonn, DE
Bonon, CI
Bontang, ID
Borama, SO
Bordeaux, FR
Bordj Bou Arreridj, DZ
Bordj el Kiffan, DZ
Borivli, IN
Borough Park, US
Borūjerd, IR
Boshan, CN
Bosque Saúde, BR
Boston, US
Botad, IN
Botshabelo, ZA
Bottrop, DE
Botucatu, BR
Bou Saâda, DZ
Bouaflé, CI
Bouaké, CI
Boulder, US
Boulogne-Billancourt, FR
Bournemouth, GB
Bouskoura, MA
Boyeros, CU
Bozhou, CN
Bradford, GB
Braga, PT
Bragança Paulista, BR
Bragança, BR
Brahmapur, IN
Brakpan, ZA
Brampton, CA
Brandon, US
Brantford, CA
Brasilandia, BR
Brasília, BR
Brateyevo, RU
Bratislava, SK
Bratsk, RU
Braunschweig, DE
Brazzaville, CG
Braşov, RO
Breda, NL
Bremen, DE
Bremerhaven, DE
Brent, GB
Brescia, IT
Brest, BY
Brest, FR
Breves, BR
Bridgeport, US
Brighton, GB
Brisbane, AU
Bristol, GB
Brits, ZA
Brno, CZ
Broken Arrow, US
Brooklyn, US
Brovary, UA
Brownsville, US
Brugge, BE
Brusque, BR
Brussels, BE
Bryansk, RU
Brāhmanbāria, BD
Brăila, RO
Bucaramanga, CO
Bucharest, RO
Bucheon-si, KR
Budapest III. kerület, HU
Budapest XI. kerület, HU
Budapest XIII. kerület, HU
Budapest, HU
Budaun, IN
Budta, PH
Buea, CM
Buenaventura, CO
Buenaventura, CO
Buenavista, MX
Bueng Kum, TH
Buenos Aires, AR
Buffalo, US
Buguma, NG
Buhe, CN
Bujumbura, BI
Bukama, CD
Bukavu, CD
Bukhara, UZ
Bukit Batok New Town, SG
Bukit Bintang, MY
Bukit Jalil, MY
Bukit Merah Estate, SG
Bukit Mertajam, MY
Bukit Panjang New Town, SG
Bukit Rahman Putra, MY
Bukittinggi, ID
Bukoba, TZ
Bulandshahr, IN
Bulaon, PH
Bulawayo, ZW
Bumba, CD
Bunamwaya, UG
Bunda, TZ
Bunia, CD
Bunkyo, JP
Buraydah, SA
Burayu, ET
Burbank, US
Burewala, PK
Burgas, BG
Burgos, ES
Burhānpur, IN
Burlington, CA
Burnaby, CA
Burnley, GB
Bursa, TR
Burton upon Trent, GB
Burāri, IN
Busan, KR
Bushehr, IR
Bushwick, US
Business Bay, AE
Butanta, BR
Butembo, CD
Butterworth, MY
Butuan, PH
Butwāl, NP
Buxar, IN
Buzău, RO
Buôn Hồ, VN
Buôn Ma Thuột, VN
Bydgoszcz, PL
Bytom, PL
Béchar, DZ
Bégoua, CF
Béjaïa, DZ
Bình Thạnh, VN
Bình Thủy, VN
Büyükçekmece, TR
Bābol, IR
Bāli, IN
Bālurghāt, IN
Bānda, IN
Bāndarban, BD
Bāneh, IR
Bānkura, IN
Bānsbāria, IN
Bānswāra, IN
Bārākpur, IN
Bārān, IN
Bārāsat, IN
Bălţi, MD
Bīrjand, IR
Būkān, IR
Būndi, IN
Būsh, EG
Bạc Liêu, VN
Bảo Lộc, VN
Bắc Giang, VN
Bắc Ninh, VN
Bắc Quang, VN
Bắc Từ Liêm, VN
Bến Cát, VN
Bến Tre, VN
Bồ Đề, VN
Cabanatuan City, PH
Cabimas, VE
Cabinda, AO
Cabo Frio, BR
Cabo San Lucas, MX
Cabo de Santo Agostinho, BR
Cabudare, VE
Cabudwaaq, SO
Cabuyao, PH
Cachoeirinha, BR
Cachoeirinha, BR
Cachoeiro de Itapemirim, BR
Cadiz, ES
Cadiz, PH
Caen, FR
Cagayan de Oro, PH
Cagliari, IT
Cagua, VE
Cai Lậy, VN
Caieiras, BR
Cainta, PH
Cairns, AU
Cairo, EG
Cajamarca, PE
Calabar, NG
Calabozo, VE
Calama, CL
Calamba, PH
Calasiao, PH
Calgary, CA
Cali, CO
Callao, PE
Caloocan, PH
Calumpit, PH
Cam Ranh, VN
Camagüey, CU
Camaragibe, BR
Camayenne, GN
Camaçari, BR
Cambridge, CA
Cambridge, GB
Cambridge, US
Cambé, BR
Cametá, BR
Campeche, MX
Campina Grande, BR
Campinas, BR
Campo Grande, BR
Campo Grande, BR
Campo Largo, BR
Campo Limpo, BR
Campos dos Goytacazes, BR
Canberra, AU
Cancún, MX
Candelaria, PH
Cangaiba, BR
Cangzhou, CN
Canoas, BR
Cao Lãnh, VN
Cap-Haïtien, HT
Capao Redondo, BR
Capas, PH
Cape Coast, GH
Cape Coral, US
Cape Town, ZA
Capiatá, PY
Carabanchel, ES
Caracas, VE
Caraguatatuba, BR
Carapicuíba, BR
Cardiff, GB
Cariacica, BR
Carletonville, ZA
Carlsbad, US
Carmona, PH
Carnot, CF
Carolina, PR
Carora, VE
Carrefour, HT
Carrollton, US
Cartagena, CO
Cartagena, ES
Cartago, CO
Caruaru, BR
Cary, US
Carúpano, VE
Casablanca, MA
Cascavel, BR
Castanhal, BR
Castelar, AR
Castelló de la Plana, ES
Catalão, BR
Catamarca, AR
Catanduva, BR
Catania, IT
Catbalogan, PH
Catia La Mar, VE
Caucaia, BR
Cavite City, PH
Caxias do Sul, BR
Caxias, BR
Cazenga, AO
Caála, AO
Cebu City, PH
Cedar Rapids, US
Ceilândia, BR
Celaya, MX
Centennial, US
Central Coast, AU
Centralniy, RU
Centro Habana, CU
Centurion, ZA
Cergy-Pontoise, FR
Cerro, CU
Chaeryŏng-ni, KP
Chakwal, PK
Chakwama, NG
Chalco, MX
Chamartín, ES
Chamberí, ES
Chandannagar, IN
Chandigarh, IN
Chandler, US
Chanduasi, IN
Chang-hua, TW
Changam-ch’on, KP
Changchun, CN
Changde, CN
Changhua, TW
Changji, CN
Changle, CN
Changsha, CN
Changsha, CN
Changshu, CN
Changwon, KR
Changyi, CN
Changyuan, CN
Changzheng, CN
Changzhi, CN
Changzhi, CN
Changzhou, CN
Chaohu, CN
Chaoyang, CN
Chaozhou, CN
Chapecó, BR
Charallave, VE
Charleroi, BE
Charleston, US
Charlotte, US
Charlottenburg, DE
Charsadda, PK
Chas, IN
Chattanooga, US
Chattogram, BD
Chatuchak, TH
Cheboksary, RU
Chelmsford, GB
Cheltenham, GB
Chelyabinsk, RU
Chemnitz, DE
Chengde, CN
Chengdu, CN
Chenggu, CN
Chenghua, CN
Chengtangcun, CN
Chengzhong, CN
Chennai, IN
Chenzhou, CN
Cheonan, KR
Cheongju-si, KR
Cheras, MY
Cherepovets, RU
Cherkasy, UA
Cherkessk, RU
Chernihiv, UA
Chernivtsi, UA
Chertanovo Yuzhnoye, RU
Cherëmushki, RU
Chesapeake, US
Chesterfield, GB
Chetumal, MX
Chhatarpur, IN
Chhindwāra, IN
Chiang Mai, TH
Chiayi City, TW
Chiba, JP
Chicago, US
Chichicastenango, GT
Chiclayo, PE
Chico, US
Chicoloapan, MX
Chifeng, CN
Chigasaki, JP
Chihuahua, MX
Chikmagalūr, IN
Chikusei, JP
Chikushino-shi, JP
Chilakalūrupet, IN
Chilanzar, UZ
Chililabombwe, ZM
Chilliwack, CA
Chillán, CL
Chilpancingo, MX
Chimbote, PE
Chimoio, MZ
Chinandega, NI
Chinatown, US
Chinautla, GT
Chincha Alta, PE
Chingola, ZM
Chiniot, PK
Chinju, KR
Chipata, ZM
Chiquimula, GT
Chirchiq, UZ
Chirmiri, IN
Chishtian, PK
Chisinau, MD
Chita, RU
Chitato, AO
Chitradurga, IN
Chittoor, IN
Chittorgarh, IN
Chitungwiza, ZW
Chizhou, CN
Chlef, DZ
Choa Chu Kang New Town, SG
Choloma, HN
Cholula, MX
Chom Thong, TH
Chon Buri, TH
Chongjin, KP
Chongqing, CN
Chongzuo, CN
Chorzów, PL
Christchurch, NZ
Chula Vista, US
Chuncheon, KR
Chunga, ZM
Chungju, KR
Chust, UZ
Chuxiong, CN
Chuzhou, CN
Chéngguān Qū, CN
Chí Linh, VN
Chía, CO
Chóngfú, CN
Chānda, IN
Chāndpur, BD
Chāpra, IN
Chōfu, JP
Chũ, VN
Chūru, IN
Chūō, JP
Chơn Thành, VN
Chợ Lớn, VN
Ch’ŏngdan-ŭp, KP
Ciamis, ID
Ciampea, ID
Cianjur, ID
Cibinong, ID
Cidade Ademar, BR
Cidade Dutra, BR
Cidade Lider, BR
Cidade Tiradentes, BR
Ciego de Ávila, CU
Cienfuegos, CU
Cikampek, ID
Cikarang, ID
Cikupa, ID
Cilacap, ID
Cilegon, ID
Cileungsir, ID
Cileunyi, ID
Cimahi, ID
Cincinnati, US
Ciputat, ID
Cirebon, ID
Citeureup, ID
City of Port Phillip, AU
City of Westminster, GB
Ciudad Acuña, MX
Ciudad Apodaca, MX
Ciudad Benito Juárez, MX
Ciudad Bolívar, VE
Ciudad Camilo Cienfuegos, CU
Ciudad Delicias, MX
Ciudad General Escobedo, MX
Ciudad Guayana, VE
Ciudad Guzmán, MX
Ciudad Juárez, MX
Ciudad Lineal, ES
Ciudad Lázaro Cárdenas, MX
Ciudad López Mateos, MX
Ciudad Madero, MX
Ciudad Nezahualcoyotl, MX
Ciudad Obregón, MX
Ciudad Ojeda, VE
Ciudad Valles, MX
Ciudad Victoria, MX
Ciudad de Villa de Álvarez, MX
Ciudad del Carmen, MX
Ciudad del Este, PY
Ciutat Vella, ES
Cixi, CN
Clarksville, US
Clearwater, US
Clermont-Ferrand, FR
Cleveland, US
Clovis, US
Cluj-Napoca, RO
Coacalco, MX
Coatepeque, GT
Coatzacoalcos, MX
Cobán, GT
Cochabamba, BO
Codó, BR
Coimbatore, IN
Coimbra, PT
Colatina, BR
Colchester, GB
Colima, MX
Colina, CL
College Station, US
Colombo, BR
Colombo, LK
Colonia del Valle, MX
Colorado Springs, US
Columbia, US
Columbia, US
Columbus, US
Columbus, US
Comilla, BD
Comitán, MX
Commonwealth, PH
Comodoro Rivadavia, AR
Conakry, GN
Concepcion, PH
Concepción, CL
Concord, US
Concordia, AR
Conselheiro Lafaiete, BR
Constantine, DZ
Constanţa, RO
Contagem, BR
Copenhagen, DK
Copiapó, CL
Coquimbo, CL
Coquitlam, CA
Coral Springs, US
Cork, IE
Coro, VE
Corona, US
Corona, US
Coronel Fabriciano, BR
Coronel, CL
Corpus Christi, US
Corrientes, AR
Costa Mesa, US
Cotabato, PH
Cotia, BR
Cotonou, BJ
Coventry, GB
Cox’s Bāzār, BD
Coyoacán, MX
Craiova, RO
Crato, BR
Crawley, GB
Criciúma, BR
Croix-des-Bouquets, HT
Croydon, GB
Cuauhtémoc, MX
Cuauhtémoc, MX
Cuautitlán Izcalli, MX
Cuautitlán, MX
Cuautla, MX
Cubatão, BR
Cuddalore, IN
Cuenca, EC
Cuernavaca, MX
Cuiabá, BR
Culiacán, MX
Cumaná, VE
Curicó, CL
Curitiba, BR
Cursino, BR
Curug, ID
Cusco, PE
Cuttack, IN
Cuíto, AO
Cypress, US
Częstochowa, PL
Cà Mau, VN
Córdoba, AR
Córdoba, ES
Córdoba, MX
Cúa, VE
Cúcuta, CO
Cần Giuộc, VN
Cần Thơ, VN
Cầu Giấy, VN
Cẩm Phả Mines, VN
Cẩm Phả, VN
Cờ Đỏ, VN
Da Nang, VN
Dabou, CI
Dadu, PK
Daegu, KR
Daejeon, KR
Dagenham, GB
Dagupan, PH
Daitō, JP
Dakar, SN
Dali, CN
Dalian, CN
Daliang, CN
Dallas, US
Daloa, CI
Daly City, US
Dalūpura, IN
Dam Dam, IN
Damanhur, EG
Damascus, SY
Damietta, EG
Dammam, SA
Damoh, IN
Dandong, CN
Danshui, CN
Danshui, TW
Daoukro, CI
Daqing, CN
Dar Bouazza, MA
Dar es Salaam, TZ
Darbhanga, IN
Darmstadt, DE
Darnah, LY
Darnytsya, UA
Dartmouth, CA
Darwin, AU
Dasha, CN
Daska Kalan, PK
Dasmariñas, PH
Datia, IN
Datong, CN
Datun, CN
Daule, EC
Davangere, IN
Davao, PH
Davenport, US
Davie, US
Dawei, MM
Dawukou, CN
Daxing, CN
Daye, CN
Dayrah, AE
Dayrūţ, EG
Dayton, US
Dazhou, CN
Daşoguz, TM
Dchira El Jihadia, MA
Debre Birhan, ET
Debre Mark’os, ET
Debre Tabor, ET
Debrecen, HU
Deer Valley, US
Deesa, IN
Dehiwala-Mount Lavinia, LK
Dehradun, IN
Dehui, CN
Deir ez-Zor, SY
Delegación Cuajimalpa de Morelos, MX
Delhi Cantonment, IN
Delhi, IN
Delicias, ES
Delmas, HT
Delta, CA
Dengzhou, CN
Denizli, TR
Denpasar, ID
Denton, US
Denver, US
Deoghar, IN
Deoli, IN
Deoria, IN
Depok, ID
Depok, ID
Dera Ghazi Khan, PK
Dera Ismail Khan, PK
Derbent, RU
Derby, GB
Derince, TR
Des Moines, US
Desna, UA
Dessie, ET
Detroit, US
Dewas, IN
Deyang, CN
Dezfūl, IR
Dezhou, CN
Dhaka, BD
Dhamtari, IN
Dhamār, YE
Dhanbad, IN
Dhangaḍhi̇̄, NP
Dharashiv, IN
Dharmavaram, IN
Dharān, NP
Dhaulpur, IN
Dhule, IN
Dhārāvi, IN
Diadema, BR
Dibrugarh, IN
Didao, CN
Diepsloot, ZA
Diez de Octubre, CU
Digos, PH
Dihok, IQ
Dijon, FR
Dikirnis, EG
Dili, TL
Dimitrovgrad, RU
Dimāpur, IN
Din Daeng, TH
Dinaig, PH
Dinajpur, BD
Dinapore, IN
Dinapur Nizamat, IN
Dindigul, IN
Dingxi, CN
Dingzhou, CN
Diourbel, SN
Dire Dawa, ET
Disūq, EG
Divinópolis, BR
Divo, CI
Dixinn, GN
Diyarbakır, TR
Djelfa, DZ
Djibouti, DJ
Dnipro, UA
Dniprovskyi, UA
Dodoma, TZ
Doha, QA
Dohad, IN
Doilungdêqên, CN
Dolisie, CG
Dombivali, IN
Donaustadt, AT
Doncaster, GB
Donetsk, UA
Dongguan, CN
Donghae City, KR
Donghai, CN
Dongling, CN
Dongtai, CN
Dongyang, CN
Dongying, CN
Donostia / San Sebastián, ES
Dordrecht, NL
Dortmund, DE
Dorūd, IR
Dos Hermanas, ES
Dosquebradas, CO
Douala, CM
Douliu, TW
Dourados, BR
Downey, US
Drammen, NO
Dresden, DE
Dubai Investments Park, AE
Dubai Marina, AE
Dubai, AE
Dublin, IE
Dubréka, GN
Dudley, GB
Duekoué, CI
Duisburg, DE
Dumaguete, PH
Dumai, ID
Dundee, GB
Dundo, AO
Dunedin, NZ
Dunhua, CN
Dunhuang, CN
Duque de Caxias, BR
Durban, ZA
Durg, IN
Durgapur, IN
Durham, US
Durrës, AL
Dushanbe, TJ
Dusit, TH
Duyun, CN
Dzerzhinsk, RU
Düsseldorf, DE
Düzce, TR
Dārjiling, IN
Dąbrowa Górnicza, PL
Dĩ An, VN
Dīla, ET
Dūmā, SY
East Chattanooga, US
East Flatbush, US
East Hampton, US
East Harlem, US
East Helsinki, FI
East Independence, US
East Jerusalem, PS
East London, ZA
East Los Angeles, US
East New York, US
Eastbourne, GB
Ebetsu, JP
Ebina, JP
Ebute Ikorodu, NG
Ecatepec de Morelos, MX
Ede, NG
Edinburgh, GB
Edirne, TR
Edison, US
Edmonton, CA
Edogawe, JP
Edéa, CM
Efon-Alaaye, NG
Eimsbüttel, DE
Eindhoven, NL
Eixample, ES
Ejido, VE
Ejigbo, NG
Ekibastuz, KZ
El Achir, DZ
El Cajon, US
El Daein, SD
El Dibir, SO
El Eulma, DZ
El Fasher, SD
El Geneina Fort, SD
El Jadida, MA
El Kelaa des Srarhna, MA
El Limón, VE
El Monte, US
El Mourouj, TN
El Obeid, SD
El Oued, DZ
El Paso, US
El Progreso, HN
El Tigre, VE
El Vigía, VE
Elazığ, TR
Elbasan, AL
Elbląg, PL
Elche, ES
Eldoret, KE
Elektrostal’, RU
Elgin, US
Elista, RU
Elizabeth, US
Elk Grove, US
Elmhurst, US
Eloy Alfaro, EC
Eluru, IN
Emalahleni, ZA
Embu das Artes, BR
Encheng, CN
Enfield Town, GB
Engels, RU
Enschede, NL
Ensenada, MX
Enshi, CN
Entebbe, UG
Enterprise, US
Enugu, NG
Envigado, CO
Epworth, ZW
Erbil, IQ
Erebuni, AM
Erfurt, DE
Erlangen, DE
Ermelino Matarazzo, BR
Ermelo, ZA
Erode, IN
Errachidia, MA
Erzincan, TR
Erzurum, TR
Escondido, US
Escuintla, GT
Esenler, TR
Esenyurt, TR
Eskişehir, TR
Eslamshahr, IR
Esmeraldas, EC
Esna, EG
Espoo, FI
Essen, DE
Esuk Oron, NG
Etobicoke, CA
Etwatwa, ZA
Etāwah, IN
Eugene, US
Eunápolis, BR
Evansville, US
Evaton, ZA
Everett, US
Exeter, GB
Ezhou, CN
E’zhou, CN
Facatativá, CO
Fairfield, US
Faisalabad, PK
Fangchenggang, CN
Fanling, HK
Fardīs, IR
Fargo, US
Faridabad, IN
Farrukhābād, IN
Farīdpur, BD
Fatehpur, IN
Favoriten, AT
Fayetteville, US
Fazenda Rio Grande, BR
Feira de Santana, BR
Fendou, CN
Fengcheng, CN
Fengcheng, CN
Fengcheng, CN
Fenghuang, CN
Fengshan, TW
Fergana, UZ
Fernando de la Mora, PY
Ferrara, IT
Ferraz de Vasconcelos, BR
Fes, MA
Fianarantsoa, MG
Firozpur, IN
Florence, IT
Florencia, CO
Florianópolis, BR
Floridablanca, CO
Floridsdorf, AT
Foggia, IT
Fontana, US
Fontanar, CU
Forlì, IT
Formosa, AR
Formosa, BR
Fort Collins, US
Fort Lauderdale, US
Fort Wayne, US
Fort Worth, US
Fortaleza, BR
Fortetsya, UA
Foshan, CN
Foumban, CM
Foz do Iguaçu, BR
Franca, BR
Franceville, GA
Francisco Morato, BR
Francistown, BW
Franco da Rocha, BR
Frankfurt am Main, DE
Freetown, SL
Freguesia do Ó, BR
Freiburg, DE
Fremont, US
Fresnillo, MX
Fresno, US
Friedrichshain, DE
Frisco, US
Fuchū, JP
Fuding, CN
Fuencarral, ES
Fuencarral-El Pardo, ES
Fuenlabrada, ES
Fujairah, AE
Fuji, CN
Fuji, JP
Fujieda, JP
Fujimino, JP
Fujinomiya, JP
Fujisawa, JP
Fukayachō, JP
Fukui-shi, JP
Fukuoka, JP
Fukushima, JP
Fukuyama, JP
Fuling, CN
Fullerton, US
Funchal, PT
Funtua, NG
Funza, CO
Fushun, CN
Fuxin, CN
Fuyang, CN
Fuyu, CN
Fuzhou, CN
Fuzhou, CN
Fu’an, CN
Fyzābād, IN
Fès al Bali, MA
Fürth, DE
Fāqūs, EG
Fīrozābād, IN
Gabela, AO
Gaborone, BW
Gabès, TN
Gadag, IN
Gadag-Betageri, IN
Gagnoa, CI
Gainesville, US
Gajuwaka, IN
Galaţi, RO
Gama, BR
Gandajika, CD
Gandhinagar, IN
Gangavati, IN
Gangneung, KR
Gangtok, IN
Gangu Chengguanzhen, CN
Gangāpur, IN
Ganja, AZ
Ganzhou, CN
Gao, ML
Gaomi, CN
Gaoping, CN
Gaozhou, CN
Gapan, PH
Garanhuns, BR
Garden Grove, US
Gardez, AF
Garissa, KE
Garland, US
Garut, ID
Gashua, NG
Gasteiz / Vitoria, ES
Gatineau, CA
Gaya, IN
Gaza, PS
Gaziantep, TR
Gazipur, BD
Gboko, NG
Gbongan, NG
Gdańsk, PL
Gdynia, PL
Gebze, TR
Geelong, AU
Geita, TZ
Gejiu, CN
Gelsenkirchen, DE
Gemena, CD
General Santos, PH
Genoa, IT
Gent, BE
Genève, CH
Geoje, KR
George Town, MY
George, ZA
Georgetown, GY
Gera, DE
Gereida, SD
Germiston, ZA
Getafe, ES
Geylang, SG
Ghardaïa, DZ
Ghazni, AF
Ghazīpur, IN
Ghotki, PK
Ghulja, CN
Ghāziābād, IN
Gia Lâm, VN
Gifu, JP
Gijang, KR
Gijón, ES
Gilbert, US
Gilgit, PK
Gillingham, GB
Gimcheon, KR
Gingoog, PH
Ginowan, JP
Girardot City, CO
Giresun, TR
Girga, EG
Giridih, IN
Girona, ES
Girón, CO
Gisenyi, RW
Giza, EG
Giá Rai, VN
Glasgow, GB
Glazov, RU
Glendale, US
Glendale, US
Gliwice, PL
Gloucester, CA
Gloucester, GB
Godhra, IN
Godomè, BJ
Goiânia, BR
Gojra, PK
Gokalpur, IN
Gold Coast, AU
Golestān, IR
Gol’yanovo, RU
Goma, CD
Gombe, NG
Gonbad-e Kāvūs, IR
Gondal, IN
Gonder, ET
Gondiā, IN
Gondā City, IN
Gongheyong, CN
Gongzhuling, CN
Gorakhpur, IN
Gorakhpur, IN
Gorgān, IR
Gorontalo, ID
Gorzów Wielkopolski, PL
Gosāba, IN
Governador Valadares, BR
Goyang-si, KR
Gqeberha, ZA
Grajaú, BR
Granada, ES
Grand Prairie, US
Grand Rapids, US
Gravataí, BR
Gravesend, US
Graz, AT
Greater Noida, IN
Greater Sudbury, CA
Greeley, US
Green Bay, US
Greensboro, US
Grenoble, FR
Gresham, US
Grogol, ID
Groningen, NL
Grozny, RU
Gràcia, ES
Guacara, VE
Guadalajara de Buga, CO
Guadalajara, MX
Guadalupe, MX
Guadalupe, MX
Guaianases, BR
Guanabacoa, CU
Guanare, VE
Guangshui, CN
Guangyuan, CN
Guangzhou, CN
Guang’an, CN
Guankou, CN
Guantánamo, CU
Guarapari, BR
Guarapuava, BR
Guaratinguetá, BR
Guarenas, VE
Guarujá, BR
Guarulhos, BR
Guará, BR
Guatemala City, GT
Guatire, VE
Guayaquil, EC
Gudivāda, IN
Guelma, DZ
Guelmim, MA
Guelph, CA
Guigang, CN
Guiguinto, PH
Guilin, CN
Guixi, CN
Guiyang, CN
Gujangbagh, CN
Gujranwala, PK
Gujrat, PK
Guli, CN
Gulin, CN
Gulu, UG
Gumi, KR
Guna, IN
Gunan, CN
Gundupālaiyam, IN
Gunpo, KR
Gunsan, KR
Guntakal, IN
Guntur, IN
Gunungsitoli, ID
Guri-si, KR
Gurugram, IN
Gurúè, MZ
Gusau, NG
Gustavo Adolfo Madero, MX
Guwahati, IN
Guyong, PH
Guyuan, CN
Guédiawaye, SN
Gwalior, IN
Gwangju, KR
Gwangmyeong, KR
Gwangyang, KR
Gweru, ZW
Gyeongju, KR
Gyeongsan-si, KR
Gyumri, AM
Gyānpur, IN
Győr, HU
Gò Vấp, VN
Gómez Palacio, MX
Gölbaşı, TR
Göteborg, SE
Göttingen, DE
Gāndhīdhām, IN
Ha'il, SA
Haarlem, NL
Habikino, JP
Hachinohe, JP
Hachiōji, JP
Hadano, JP
Hadejia, NG
Haeju, KP
Hafar Al-Batin, SA
Hafizabad, PK
Hagen, DE
Hagonoy, PH
Hai Bà Trưng, VN
Haicheng, CN
Haifa, IL
Haikou, CN
Haikou, CN
Hailar, CN
Hailin, CN
Hailun, CN
Haimen, CN
Haiphong, VN
Hakodate, JP
Haldia, IN
Haldwani, IN
Halifax, CA
Halle (Saale), DE
Hamadān, IR
Hamamatsu, JP
Hamburg, DE
Hamburg-Mitte, DE
Hamburg-Nord, DE
Hamhŭng, KP
Hami, CN
Hamilton, CA
Hamilton, NZ
Hamm, DE
Hammanskraal, ZA
Hampton, US
Hanam, KR
Handa, JP
Handan, CN
Handeni, TZ
Hanfeng, CN
Hangu, CN
Hangzhou, CN
Hanjia, CN
Hannover, DE
Hanoi, VN
Hanumāngarh, IN
Hanzhong, CN
Harar, ET
Harare, ZW
Harbin, CN
Harburg, DE
Hardoī, IN
Hargeysa, SO
Haridwar, IN
Harlem, US
Harrow, GB
Hartford, US
Hashtsāl, IN
Hassan, IN
Hastings, GB
Hat Yai, TH
Hatsukaichi, JP
Havana, CU
Hayward, US
Hazāribāgh, IN
Hebi, CN
Hebron, PS
Hechi, CN
Hechuan, CN
Hedong, CN
Hefei, CN
Hegang, CN
Heidelberg, DE
Heihe, CN
Heilbronn, DE
Hejiang, CN
Helsingborg, SE
Helsinki, FI
Henderson, US
Hengshan, CN
Hengshui, CN
Hengyang, CN
Hepo, CN
Hepu, CN
Hermosillo, MX
Herne, DE
Heroica Guaymas, MX
Heroica Matamoros, MX
Herāt, AF
Heshan, CN
Hetauda, NP
Heyuan, CN
Heze, CN
Hezhou, CN
Hialeah, US
Higashihiroshima, JP
Higashikurume, JP
Higashimurayama, JP
Higashiosaka, JP
High Point, US
High Wycombe, GB
Hikone, JP
Hildesheim, DE
Hillsboro, US
Himamaylan, PH
Himeji, JP
Hindaun, IN
Hindupur, IN
Hinganghāt, IN
Hino, JP
Hinthada, MM
Hirakata, JP
Hiratsuka, JP
Hirosaki, JP
Hiroshima, JP
Hisar, IN
Hitachi, JP
Hitachi-Naka, JP
Hlaingthaya, MM
Ho Chi Minh City, VN
Ho, GH
Hobart, AU
Hohhot, CN
Hoima, UG
Holguín, CU
Hollywood, US
Hollywood, US
Holosiyiv, UA
Homs, SY
Homyel', BY
Honchō, JP
Hong Kong Island, HK
Hong Kong, HK
Honggang, CN
Honmachi, JP
Honolulu, US
Hoofddorp, NL
Horlivka, UA
Horta-Guinardó, ES
Hortaleza, ES
Hortolândia, BR
Hosapete, IN
Hosa’ina, ET
Hoshiārpur, IN
Hosūr, IN
Hougang New Town, SG
Houston, US
Howrah, IN
Hoàn Kiếm, VN
Hoàng Mai, VN
Hrodna, BY
Hsinchu, TW
Hua Hin, TH
Huacheng, CN
Huadian, CN
Huai'an, CN
Huaibei, CN
Huaihua, CN
Huainan, CN
Huambo, AO
Huancayo, PE
Huanggang, CN
Huanggang, CN
Huangshan, CN
Huangshi, CN
Huangzhou, CN
Huaraz, PE
Huayin, CN
Hubballi, IN
Huddersfield, GB
Huelva, ES
Hugli, IN
Huicheng, CN
Huinong, CN
Huixing, CN
Huixquilucan, MX
Huizhou, CN
Hulan Ergi, CN
Hulan, CN
Huludao, CN
Hulunbuir, CN
Humen, CN
Huntington Beach, US
Huntsville, US
Huocheng, CN
Hurghada, EG
Huyện Lâm Hà, VN
Huzhou, CN
Huánuco, PE
Huế, VN
Hwado, KR
Hwaseong-si, KR
Hyderabad, IN
Hyderabad, PK
Hyesan, KP
Hà Tiên, VN
Hòa Bình, VN
Hòa Cường, VN
Hòa Thành, VN
Hābra, IN
Hājīpur, IN
Hālīsahar, IN
Hāpur, IN
Hāthazāri, BD
Hāthras, IN
Hōfu, JP
Hŭngnam, KP
Hưng Yên, VN
H̱olon, IL
Hạ Long, VN
Hải Châu, VN
Hải Dương, VN
Hồng Ngự, VN
Iaşi, RO
Ibadan, NG
Ibagué, CO
Ibanda, UG
Ibaraki, JP
Ibarra, EC
Ibb, YE
Ibirité, BR
Ica, PE
Ichalkaranji, IN
Icheon-si, KR
Ichihara, JP
Ichikawa, JP
Ichinomiya, JP
Ichinoseki, JP
Idkū, EG
Idlib, SY
Ifakara, TZ
Igarassu, BR
Igboho, NG
Iguala de la Independencia, MX
Iguatemi, BR
Iida, JP
Iizuka, JP
Ijebu Ode, NG
Ijebu-Igbo, NG
Ijero-Ekiti, NG
Ijok, MY
Ikare, NG
Ikeda, JP
Ikeja, NG
Ikere-Ekiti, NG
Ikire, NG
Ikirun, NG
Ikoma, JP
Ikot Ekpene, NG
Iksan, KR
Ila Orangun, NG
Ilagan, PH
Ile-Ife, NG
Ilebo, CD
Ilesa, NG
Ilford, GB
Ilhéus, BR
Iligan City, PH
Iligan, PH
Ilobu, NG
Iloilo, PH
Ilorin, NG
Imabari, JP
Imperatriz, BR
Imphal, IN
Imus, PH
Inazawa, JP
Incheon, KR
Inda Silasē, ET
Indaiatuba, BR
Independence, US
Indianapolis, US
Indore, IN
Indramayu, ID
Inezgane, MA
Inglewood, US
Ingolstadt, DE
Ingombota, AO
Inisa, NG
Inkisi, CD
Innsbruck, AT
Insein, MM
International City, AE
Inzai, JP
Ipatinga, BR
Ipiranga, BR
Ipoh, MY
Ipojuca, BR
Ipswich, GB
Iquique, CL
Iquitos, PE
Iranshahr, IR
Irapuato, MX
Irbid, JO
Irewe, NG
Iriga City, PH
Iringa, TZ
Irkutsk, RU
Iruma, JP
Irvine, US
Irving, US
Irákleion, GR
Isahaya, JP
Ise, JP
Ise-Ekiti, NG
Isehara, JP
Isesaki, JP
Iseyin, NG
Isfahan, IR
Isfara, TJ
Ishinomaki, JP
Isiro, CD
Iskandar Puteri, MY
Islamabad, PK
Islington, GB
Ismailia, EG
Isparta, TR
Istanbul, TR
Istaravshan, TJ
Isulan, PH
Itabaiana, BR
Itabashi, JP
Itabira, BR
Itaboraí, BR
Itabuna, BR
Itacoatiara, BR
Itaguaí, BR
Itagüí, CO
Itaim Bibi, BR
Itaim Paulista, BR
Itaituba, BR
Itajaí, BR
Itami, JP
Itanhaém, BR
Itapecerica da Serra, BR
Itaperuna, BR
Itapetininga, BR
Itapevi, BR
Itapipoca, BR
Itaquaquecetuba, BR
Itaquera, BR
Itatiba, BR
Itu, BR
Ituiutaba, BR
Ituzaingó, AR
Itārsi, IN
Ivano-Frankivsk, UA
Ivanovo, RU
Ivanovskoye, RU
Ivory Park, ZA
Iwaki, JP
Iwakuni, JP
Iwata, JP
Iwatsuki, JP
Iwo, NG
Ixtapaluca, MX
Izhevsk, RU
Izmaylovo, RU
Iztacalco, MX
Iztapalapa, MX
Izumi, JP
Izumisano, JP
Izumo, JP
Iğdır, TR
Jabalpur, IN
Jabaquara, BR
Jaboatão dos Guararapes, BR
Jaboatão, BR
Jabālyā, PS
Jacareí, BR
Jackson, US
Jacksonville, US
Jacmel, HT
Jacobabad, PK
Jaffna, LK
Jagdalpur, IN
Jagtiāl, IN
Jagādhri, IN
Jahrom, IR
Jahānābād, IN
Jaigaon, IN
Jaipur, IN
Jakarta, ID
Jalai Nur, CN
Jalal-Abad, KG
Jalandhar, IN
Jalapa, GT
Jalgaon, IN
Jalingo, NG
Jalpāiguri, IN
Jalālābād, AF
Jamaica, US
Jambi City, ID
Jammu, IN
Jamnagar, IN
Jamshedpur, IN
Jamālpur, BD
Jamālpur, IN
Janakpur, NP
Jandira, BR
Janzūr, LY
Japeri, BR
Jaraguá do Sul, BR
Jaraguá, BR
Jaranwala, PK
Jardim Angela, BR
Jardim Helena, BR
Jardim Sao Luis, BR
Jataí, BR
Jaunpur, IN
Jayapura, ID
Jaén, ES
Jaú, BR
Jebel Ali, AE
Jeddah, SA
Jeju City, KR
Jember, ID
Jena, DE
Jeongeup, KR
Jeonju, KR
Jepara, ID
Jequié, BR
Jerez de la Frontera, ES
Jersey City, US
Jerusalem, IL
Jessore, BD
Jetpur, IN
Jhang Sadr, PK
Jhelum, PK
Jhunjhunūn, IN
Jhānsi, IN
Ji Paraná, BR
Jiagedaqi, CN
Jiamusi, CN
Jianchang, CN
Jiangmen, CN
Jiangyin, CN
Jiangyou, CN
Jianshui, CN
Jiaohe, CN
Jiaojiang, CN
Jiaozhou, CN
Jiaozuo, CN
Jiashan, CN
Jiawang, CN
Jiaxing, CN
Jiayuguan, CN
Jiazi, CN
Jieshi, CN
Jieshou, CN
Jieyang, CN
Jijel, DZ
Jijiang, CN
Jijiga, ET
Jilin, CN
Jimeta, NG
Jimma, ET
Jinan, CN
Jinchang, CN
Jincheng, CN
Jinfeng, CN
Jingdezhen, CN
Jinghong, CN
Jingling, CN
Jingmen, CN
Jingzhi, CN
Jingzhou, CN
Jing’an, CN
Jinhua, CN
Jining, CN
Jining, CN
Jinjiang, CN
Jinshanlu, CN
Jinzhong, CN
Jinzhou, CN
Jinzhou, CN
Jishou, CN
Jishu, CN
Jiujiang, CN
Jiupu, CN
Jiuquan, CN
Jiutai, CN
Jiutepec, MX
Jixi, CN
Jiyuan, CN
Jizan, SA
Jizhou, CN
Jizzax, UZ
Ji’an, CN
Jodhpur, IN
Johannesburg, ZA
Johor Bahru, MY
Joinville, BR
Joliet, US
Jolo, PH
Jombang, ID
Jomvu, KE
Jorhat, IN
Jos, NG
Jose Bonifacio, BR
José C. Paz, AR
João Pessoa, BR
Juan Díaz, PA
Juazeiro do Norte, BR
Juazeiro, BR
Juba, SS
Juiz de Fora, BR
Juja, KE
Juliaca, PE
Jundiaí, BR
Jurong Town, SG
Jurong West, SG
Jutiapa, GT
Jyväskylä, FI
Jönköping, SE
Jālna, IN
Jāmuria, IN
Jīnd, IN
Jīroft, IR
Jōetsu, JP
Jūnāgadh, IN
Kabankalan, PH
Kabinda, CD
Kabul, AF
Kabwe, ZM
Kadapa, IN
Kadoma, JP
Kadoma, ZW
Kaduna, NG
Kaech’ŏn, KP
Kaesŏng, KP
Kafr ad Dawwār, EG
Kafr ash Shaykh, EG
Kafrul, BD
Kafue, ZM
Kagoshima, JP
Kahama, TZ
Kahramanmaraş, TR
Kaifeng, CN
Kaili, CN
Kairouan, TN
Kaithal, IN
Kaiyuan, CN
Kaiyuan, CN
Kajang, MY
Kajansi, UG
Kakamega, KE
Kakamigahara, JP
Kakegawa, JP
Kakogawachō-honmachi, JP
Kalaban Koro, ML
Kalaburagi, IN
Kalemie, CD
Kalemyo, MM
Kaliningrad, RU
Kalininskiy, RU
Kalininskyi, UA
Kalisz, PL
Kallakurichi, IN
Kallang, SG
Kallithéa, GR
Kalmunai, LK
Kalol, IN
Kaluga, RU
Kalulushi, ZM
Kalyān, IN
Kamagaya, JP
Kamakura, JP
Kamalia, PK
Kamensk-Ural’skiy, RU
Kamina, CD
Kamirenjaku, JP
Kamloops, CA
Kamoke, PK
Kampala, UG
Kampong Baharu Cheras Batu Sebelas, MY
Kampong Pasir Ris, SG
Kampung Baru Subang, MY
Kampung Kangkar Teberau, MY
Kampung Larkin Lama, MY
Kampung Pasir Gudang Baru, MY
Kampung Sungai Ara, MY
Kampung Sungai Glugur, MY
Kamsar, GN
Kamyanske, UA
Kamyshin, RU
Kamālshahr, IR
Kananga, CD
Kanayannur, IN
Kanazawa, JP
Kanchipuram, IN
Kandahār, AF
Kandy, LK
Kanggye, KP
Kangnyŏng, KP
Kangsŏn, KP
Kanhangad, IN
Kani, JP
Kankan, GN
Kano, NG
Kanoya, JP
Kanpur, IN
Kansas City, US
Kansas City, US
Kansk, RU
Kaohsiung, TW
Kaolack, SN
Kapar, MY
Kara, TG
Karabağlar, TR
Karabük, TR
Karachi, PK
Karagandy, KZ
Karaj, IR
Karaman, TR
Karamay, CN
Karatsu, JP
Karbala, IQ
Kariega, ZA
Kariya, JP
Karlsruhe, DE
Karnaphuli, BD
Karnāl, IN
Karol Bāgh, IN
Karur, IN
Karuri, KE
Karuri, KE
Karāwalnagar, IN
Karīmnagar, IN
Karşıyaka, TR
Kasama, ZM
Kasangati, UG
Kasese, UG
Kashgar, CN
Kashihara-shi, JP
Kashipur, IN
Kashiwa, JP
Kashiwara, JP
Kassala, SD
Kassel, DE
Kastamonu, TR
Kasuga, JP
Kasugai, JP
Kasukabe, JP
Kasulu, TZ
Kasur, PK
Katabi, UG
Kathmandu, NP
Kati, ML
Katihar, IN
Katowice, PL
Katsina, NG
Katsushika, JP
Katsuta, JP
Katumba, TZ
Kaunas, LT
Kawachi-Nagano, JP
Kawagoe, JP
Kawaguchi, JP
Kawanishi, JP
Kawasaki, JP
Kaya, BF
Kayes, ML
Kayseri, TR
Kazan, RU
Kazo, JP
Kecskemét, HU
Kediri, ID
Kedungwuni, ID
Keelung, TW
Kelar, IQ
Kelowna, CA
Kembangan, SG
Kemerovo, RU
Kendari, ID
Kenema, SL
Kenitra, MA
Kent, US
Kentron, AM
Kerch, UA
Kerman, IR
Kermanshah, IR
Kfar Saba, IL
Khabarovsk Vtoroy, RU
Khabarovsk, RU
Khairpur Mir’s, PK
Khamis Mushait, SA
Khammam, IN
Khandwa, IN
Khanna, IN
Khanpur, PK
Khanty-Mansiysk, RU
Kharagpur, IN
Khardah, IN
Khargone, IN
Kharkiv, UA
Khartoum North, SD
Khartoum, SD
Khasavyurt, RU
Khemisset, MA
Khenchela, DZ
Khenifra, MA
Kherson, UA
Khimki, RU
Khlong Luang, TH
Khlong Sam Wa, TH
Khlong Toei, TH
Khmelnytskyi, UA
Khobar, SA
Khomeynī Shahr, IR
Khon Kaen, TH
Khoroshëvo-Mnevniki, RU
Khorramabad, IR
Khorramshahr, IR
Khouribga, MA
Khowy, IR
Khujand, TJ
Khulna, BD
Khuraybat as Sūq, JO
Khurja, IN
Khushāb, PK
Khuzdar, PK
Khwisero, KE
Khān Yūnis, PS
Kiambu, KE
Kibaha, TZ
Kiel, DE
Kielce, PL
Kigali, RW
Kigoma, TZ
Kikuyu, KE
Kikwit, CD
Kilis, TR
Killeen, US
Kimberley, ZA
Kimhae, KR
Kindia, GN
Kindu, CD
Kingston upon Hull, GB
Kingston, CA
Kingston, JM
Kinshasa, CD
Kipushi, CD
Kira, UG
Kirdāsah, EG
Kirishima, JP
Kirkuk, IQ
Kirov, RU
Kirovskyi, UA
Kiryū, JP
Kirāri Sulemānnagar, IN
Kisangani, CD
Kisaran, ID
Kisarazu, JP
Kiselëvsk, RU
Kishanganj, IN
Kishangarh, IN
Kishiwada, JP
Kisi, NG
Kisii, KE
Kislovodsk, RU
Kismayo, SO
Kissidougou, GN
Kisumu, KE
Kita, JP
Kitakyushu, JP
Kitale, KE
Kitami, JP
Kitchener, CA
Kitengela, KE
Kitwe, ZM
Kiến An, VN
Klagenfurt am Wörthersee, AT
Klaipėda, LT
Klang, MY
Klaten, ID
Klerksdorp, ZA
Kluang, MY
Knoxville, US
Kobe, JP
Koblenz, DE
Kochi, IN
Kochi, JP
Kodaira, JP
Koforidua, GH
Kofu, JP
Koga, JP
Koganei, JP
Kohat, PK
Koidu, SL
Kokshetau, KZ
Kokubunji, JP
Kolda, SN
Kolhāpur, IN
Kolkata, IN
Kollam, IN
Kolomna, RU
Kolpino, RU
Kolwezi, CD
Kolār, IN
Kom Ombo, EG
Komaki, JP
Komatsu, JP
Kombolcha, ET
Komsomolsk-on-Amur, RU
Kon Tum, VN
Konibodom, TJ
Konya, TR
Korba, IN
Koreatown, US
Korhogo, CI
Korla, CN
Korolev, RU
Koronadal, PH
Koshigaya, JP
Kostanay, KZ
Kosti, SD
Kostroma, RU
Koszalin, PL
Kot Addu, PK
Kota Bharu, MY
Kota Damansara, MY
Kota Kinabalu, MY
Kota Kuala Muda, MY
Kota, IN
Kotō, JP
Koudougou, BF
Koumassi, CI
Kousséri, CM
Koutiala, ML
Kovrov, RU
Kowloon City Centre, HK
Kowloon City, HK
Kowloon, HK
Kozhikode, IN
Košice, SK
Kragujevac, RS
Kraków, PL
Kramatorsk, UA
Krasnodar, RU
Krasnogvargeisky, RU
Krasnoyarsk, RU
Krefeld, DE
Kremenchuk, UA
Kresek, ID
Kreuzberg, DE
Krishnanagar, IN
Kristiansand, NO
Kroonstad, ZA
Kropyvnytskyy, UA
Krugersdorp, ZA
Kryvyy Rih, UA
Ksar El Kebir, MA
Kuala Krai, MY
Kuala Kubu Baharu, MY
Kuala Lumpur, MY
Kuala Terengganu, MY
Kuantan, MY
Kuching, MY
Kufa, IQ
Kukatpally, IN
Kukichūō, JP
Kulim, MY
Kulti, IN
Kumagaya, JP
Kumamoto, JP
Kumarapalayam, IN
Kumasi, GH
Kumba, CM
Kumbakonam, IN
Kumbo, CM
Kunduz, AF
Kuningan, ID
Kunming, CN
Kunshan, CN
Kuopio, FI
Kupang, ID
Kurashiki, JP
Kure, JP
Kurgan, RU
Kurichchi, IN
Kurnool, IN
Kursk, RU
Kurume, JP
Kusatsu, JP
Kushinagar, IN
Kushiro, JP
Kushtia, BD
Kutaisi, GE
Kuwana, JP
Kuybyshevskyi, UA
Kuz’minki, RU
KwaDukuza, ZA
Kwai Chung, HK
Kwekwe, ZW
Kyaukpyu, MM
Kyauktan, MM
Kyengera, UG
Kyiv, UA
Kyivskyi, UA
Kyivskyi, UA
Kyoto, JP
Kyzyl, RU
Kyzylorda, KZ
Köln, DE
Kütahya, TR
Kākināda, IN
Kāmārhāti, IN
Kānchrāpāra, IN
Kāraikkudi, IN
Kēng Tung, MM
Kırıkkale, TR
Kırşehir, TR
Kızıltepe, TR
Kōnosu, JP
Kōriyama, JP
Kūhdasht, IR
Kŭlob, TJ
Kỳ Anh, VN
L'Hospitalet de Llobregat, ES
La Ceiba, HN
La Cité-Limoilou, CA
La Concepción, VE
La Gi, VN
La Laguna, ES
La Paz, BO
La Paz, MX
La Pintana, CL
La Plata, AR
La Rioja, AR
La Romana, DO
La Serena, CL
La Trinidad, PH
La Vega, DO
La Victoria, VE
Laayoune, EH
Labuan Bajo, ID
Labé, GN
Ladysmith, ZA
Lafayette, US
Lafia, NG
Lafiagi, NG
Lagarto, BR
Lages, BR
Laghouat, DZ
Lagos, NG
Lahad Datu, MY
Lahore, PK
Lahti, FI
Lahān, NP
Laibin, CN
Laiwu, CN
Laixi, CN
Laiyang, CN
Laizhou, CN
Lajeado, BR
Lak Si, TH
Lakeland, US
Lakewood, US
Lakhīmpur, IN
Lal Bahadur Nagar, IN
Lalitpur, IN
Lambaré, PY
Lampa, CL
Lampang, TH
Lancaster, US
Lander, VE
Lang'ata, KE
Langfang, CN
Langley, CA
Langsa, ID
Lankaran, AZ
Lansing, US
Lanzhou, CN
Laoag, PH
Laohekou, CN
Lapu-Lapu City, PH
Larache, MA
Laredo, US
Larkana, PK
Las Cruces, US
Las Palmas de Gran Canaria, ES
Las Piñas, PH
Las Tunas, CU
Las Vegas, US
Lashio, MM
Lat Krabang, TH
Lat Phrao, TH
Latacunga, EC
Latakia, SY
Latina, ES
Latkrabang, TH
Latur, IN
Lauro de Freitas, BR
Lausanne, CH
Laval, CA
Lavras, BR
Lawang, ID
Layyah, PK
Le Havre, FR
Le Mans, FR
Le Plateau-Mont-Royal, CA
Le Vieux-Longueuil, CA
Lecheng, CN
Leeds, GB
Leeuwarden, NL
Leganés, ES
Legaspi, PH
Legnica, PL
Leicester, GB
Leiden, NL
Leipzig, DE
Leiria, PT
Leiyang, CN
Lekki, NG
Lembang, ID
Lengshuijiang, CN
Leninsk-Kuznetsky, RU
Leninskyi, UA
Les Cayes, HT
Leshan, CN
Lethbridge, CA
Leuven, BE
Leverkusen, DE
Lewisville, US
Lexington, US
Lexington-Fayette, US
León de los Aldama, MX
León, ES
León, NI
Lhasa, CN
Lhoka, CN
Lhokseumawe, ID
Lianghu, CN
Liangping, CN
Lianhe, CN
Lianjiang, CN
Lianshan, CN
Lianyungang, CN
Liaocheng, CN
Liaoyang, CN
Liberec, CZ
Libertad, PH
Libreville, GA
Licheng, CN
Lichinga, MZ
Lichuan, CN
Lida, BY
Lijiang, CN
Likasi, CD
Lille, FR
Lilongwe, MW
Lima, PE
Limassol, CY
Limbe, CM
Limeira, BR
Limoges, FR
Limuru, KE
Lincang, CN
Lincoln, GB
Lincoln, US
Linfen, CN
Linhares, BR
Linköping, SE
Linqu, CN
Linshui, CN
Linxi, CN
Linxia Chengguanzhen, CN
Linyi, CN
Linz, AT
Lipa City, PH
Lipetsk, RU
Lira, UG
Lisala, CD
Lisbon, PT
Lishui, CN
Little Rock, US
Liupanshui, CN
Liuzhi, CN
Liuzhou, CN
Liverpool, GB
Livingstone, ZM
Livorno, IT
Lizhi, CN
Liège, BE
Ljubljana, SI
Lleida, ES
Lo Prado, CL
Loa Janan, ID
Lobito, AO
Lodhran, PK
Logan City, AU
Logroño, ES
Loja, EC
Lomas de Zamora, AR
Lomé, TG
London, CA
London, GB
Londrina, BR
Long Beach, US
Long Bien, VN
Long Khánh, VN
Long Xuyên, VN
Longfeng, CN
Longgang, CN
Longjiang, CN
Longjing, CN
Longling County, CN
Longshan, CN
Longshui, CN
Longueuil, CA
Longyan, CN
Loni, IN
Los Angeles, US
Los Baños, PH
Los Mochis, MX
Los Puertos de Altagracia, VE
Los Rastrojos, VE
Los Teques, VE
Los Ángeles, CL
Loudi, CN
Louga, SN
Louisville, US
Lowell, US
Lower Hutt, NZ
Luancheng, CN
Luanda, AO
Luanshya, ZM
Lubango, AO
Lubbock, US
Lublin, PL
Lubuklinggau, ID
Lubumbashi, CD
Lucapa, AO
Lucena, PH
Lucknow, IN
Ludhiana, IN
Ludwigshafen am Rhein, DE
Luena, AO
Lugazi, UG
Luhansk, UA
Luis Eduardo Magalhães, BR
Lumajang, ID
Luohe, CN
Luohu District, CN
Luojiang, CN
Luoyang, CN
Luoyang, CN
Lusaka, ZM
Lushui, CN
Luton, GB
Lutsk, UA
Luxor, EG
Luzhou, CN
Luziânia, BR
Lu’an, CN
Lviv, UA
Lyon 03, FR
Lyon, FR
Lyubertsy, RU
Lyublino, RU
Lào Cai, VN
Lárisa, GR
Léogâne, HT
Lévis, CA
Lübeck, DE
Lüliang, CN
Lāhījān, IR
Lạng Sơn, VN
M'Sila, DZ
Ma On Shan, HK
Maastricht, NL
Maba, CN
Mabalacat City, PH
Mabopane, ZA
Macapá, BR
Macau, MO
Macaé, BR
Maceió, BR
Machala, EC
Macheng, CN
Machida, JP
Machilīpatnam, IN
Machiques, VE
Mackay, AU
Madanapalle, IN
Madhavaram, IN
Madhurampur Dehri, IN
Madhyamgram, IN
Madhyapur Thimi, NP
Madinah, SA
Madison, US
Madiun, ID
Madrid Centro, ES
Madrid, CO
Madrid, ES
Madurai, IN
Madīnat an Naşr, EG
Madīnat Ḩamad, BH
Maebashi, JP
Magangué, CO
Magdalena Contreras, MX
Magdeburg, DE
Magelang, ID
Maghāghah, EG
Magnitogorsk, RU
Magugpo Poblacion, PH
Magé, BR
Mahajanga, MG
Maharagama, LK
Mahbūbnagar, IN
Maheshtala, IN
Mahesāna, IN
Mahilyow, BY
Mahābād, IR
Maianga, AO
Maicao, CO
Maidstone, GB
Maiduguri, NG
Maijdi, BD
Mainz, DE
Maipú, CL
Mairiporã, BR
Majie, CN
Makassar, ID
Makati City, PH
Makhachkala, RU
Makiivka, UA
Makkah, SA
Makumbako, TZ
Makurdi, NG
Malabo, GQ
Malabon, PH
Malacca, MY
Malakal, SS
Malambo, CO
Malang, ID
Malanje, AO
Malappuram, IN
Malatia-Sebastia, AM
Malatya, TR
Malda, IN
Male, MV
Malegaon, IN
Malindi, KE
Malingao, PH
Malir Cantonment, PK
Malita, PH
Malkajgiri, IN
Mallawī, EG
Malmö, SE
Malolos, PH
Maltepe, TR
Malāyer, IR
Man, CI
Manacapuru, BR
Manado, ID
Managua, NI
Manama, BH
Manaus, BR
Manchester, GB
Manchester, US
Mandalay, MM
Mandaluyong City, PH
Mandaluyong, PH
Mandaqui, BR
Mandaue City, PH
Mandera, KE
Mandi Bahauddin, PK
Mandimba, MZ
Mandoli, IN
Mandsaur, IN
Mandya, IN
Manfalūţ, EG
Mangalagiri, IN
Mangaluru, IN
Mango, IN
Manhattan, US
Manila, PH
Manisa, TR
Manizales, CO
Manjhand, PK
Mannheim, DE
Manokwari, ID
Manolo Fortich, PH
Manp’o, KP
Mansa, ZM
Mansfield, GB
Mansilingan, PH
Manta, EC
Mantampay, PH
Mantilla, CU
Manukau City, NZ
Manzanillo, CU
Manzanillo, MX
Manzini, SZ
Manéah, GN
Man’gyŏngdae-ri, KP
Maoming, CN
Maputo, MZ
Mar del Plata, AR
Marabá, BR
Maracaibo, VE
Maracanaú, BR
Maracay, VE
Maradi, NE
Maramag, PH
Maran, MY
Marand, IR
Maranguape, BR
Marawi City, PH
Marbella, ES
Marcory, CI
Mardan, PK
Mardin, TR
Marg‘ilon, UZ
Marianao, CU
Mariara, VE
Maricá, BR
Marienthal, DE
Marikina City, PH
Maringá, BR
Marituba, BR
Mariupol, UA
Mariveles, PH
Marka, SO
Markham, CA
Marne La Vallée, FR
Maroua, CM
Marrakesh, MA
Marseille, FR
Marsá Maţrūḩ, EG
Martapura, ID
Marugame, JP
Marvdasht, IR
Mary, TM
Maryvale, US
Marzahn, DE
Marília, BR
Marāgheh, IR
Marāgheh, IR
Mar’ino, RU
Masai, MY
Masaka, UG
Masan, KR
Masaya, NI
Mascara, DZ
Maseru, LS
Mashhad, IR
Masina, CD
Masindi, UG
Masjed Soleymān, IR
Matadi, CD
Matagalpa, NI
Matanzas, CU
Mataram, ID
Mataró, ES
Mathura, IN
Mati, PH
Matola, MZ
Matsubara, JP
Matsudo, JP
Matsue, JP
Matsumoto, JP
Matsusaka, JP
Matsutō, JP
Matsuyama, JP
Matuga, KE
Maturín, VE
Mau, IN
Mauá, BR
Mawlamyine, MM
Maxixe, MZ
Maykop, RU
Mazabuka, ZM
Mazatlán, MX
Mazyr, BY
Mazār-e Sharīf, AF
Ma’anshan, CN
Mbaké, SN
Mbale, UG
Mbandaka, CD
Mbanza Kongo, AO
Mbanza-Ngungu, CD
Mbarara, UG
Mbeya, TZ
Mbombela, ZA
Mbour, SN
Mbuji-Mayi, CD
McAllen, US
McKinney, US
Mdantsane, ZA
Meads, US
Medan, ID
Medellín, CO
Medina Estates, GH
Medinīpur, IN
Meerut, IN
Meguro, JP
Meiktila, MM
Meishan, CN
Meizhou, CN
Mejicanos, SV
Mek'ele, ET
Meknes, MA
Melbourne, AU
Melitopol, UA
Memphis, US
Mendip, GB
Mendoza, AR
Mengmao, CN
Mengzi, CN
Menongue, AO
Mentougou, CN
Merauke, ID
Mercier–Hochelaga-Maisonneuve, CA
Merkezefendi, TR
Merlo, AR
Mersin, TR
Mesa, US
Mesquite, US
Messina, IT
Mestre, IT
Metairie Terrace, US
Metairie, US
Metro, ID
Metz, FR
Mexicali, MX
Mexico City, MX
Meycauayan, PH
Mezhdurechensk, RU
Miami Gardens, US
Miami, US
Mianwali, PK
Mianyang, CN
Mianzhu, Deyang, Sichuan, CN
Miass, RU
Middelburg, ZA
Middlesbrough, GB
Midland, US
Midsayap, PH
Miguel Hidalgo, MX
Milagro, EC
Milan, IT
Milton Keynes, GB
Milton, CA
Milwaukee, US
Minamirinkan, JP
Minatitlán, MX
Minato City, JP
Minato, JP
Mingachevir, AZ
Mingala Tangnyunt, MM
Mingaladon, MM
Mingora, PK
Mingshui, CN
Minna, NG
Minneapolis, US
Minoh, JP
Minsk, BY
Minya, EG
Miraflores, PE
Miramar, MX
Miramar, US
Miri, MY
Mirpur Khas, PK
Mirpur Model Thana, BD
Miryalaguda, IN
Mirzāpur, IN
Misato, Saitama, JP
Mishima, JP
Miskolc, HU
Misratah, LY
Mississauga, CA
Mito, JP
Mitrovicë, XK
Mitte, DE
Mityana, UG
Mixco, GT
Miyakonojō, JP
Miyazaki, JP
Mlolongo, KE
Moanda, CD
Mobile, US
Mocuba, MZ
Modakeke, NG
Modena, IT
Modesto, US
Moers, DE
Moga, IN
Mogadishu, SO
Mogi Guaçu, BR
Mogi das Cruzes, BR
Mohali, IN
Mohammadpur, BD
Mohammedia, MA
Mojokerto, ID
Mokopane, ZA
Mokotów, PL
Mokpo, KR
Mombasa, KE
Moncloa-Aravaca, ES
Monclova, MX
Mongu, ZM
Monrovia, LR
Monterrey, MX
Montería, CO
Montes Claros, BR
Montevideo, UY
Montgomery, US
Montpellier, FR
Montreuil, FR
Montréal, CA
Monywa, MM
Monza, IT
Mopti, ML
Moratalaz, ES
Moratuwa, LK
Morelia, MX
Morena, IN
Moreno Valley, US
Moriguchi, JP
Morioka, JP
Mormugao, IN
Morogoro, TZ
Morvi, IN
Morādābād, IN
Moscow, RU
Moshi, TZ
Mosquera, CO
Mossamedes, AO
Mossoró, BR
Mostaganem, DZ
Mostar, BA
Mosul, IQ
Mothīhāri, IN
Motijheel, BD
Moundou, TD
Moḩammad Shahr, IR
Mpanda, TZ
Mpumalanga, ZA
Mthatha, ZA
Mtwara, TZ
Mu-se, MM
Muar, MY
Mubende, UG
Mubi, NG
Mudanjiang, CN
Mueang Nonthaburi, TH
Mufulira, ZM
Mukalla, YE
Mukim Pulai, MY
Mukono, UG
Muktsar, IN
Mulhouse, FR
Multan, PK
Mulugu, IN
Mumbai, IN
Munger, IN
Munich, DE
Munūf, EG
Muratpaşa, TR
Murcia, ES
Murfreesboro, US
Muriaé, BR
Muricay, PH
Muridke, PK
Murmansk, RU
Murom, RU
Murrieta, US
Murwāra, IN
Musaffah, AE
Musanze, RW
Musashino, JP
Muscat, OM
Mushin, NG
Musoma, TZ
Mustafakemalpaşa, TR
Mustafābād, IN
Mutare, ZW
Muzaffargarh, PK
Muzaffarnagar, IN
Muzaffarpur, IN
Muzaffarābād, PK
Mwala, KE
Mwanza, TZ
Mwene, CD
Mwene-Ditu, CD
Myeik, MM
Myingyan, MM
Mykilska Borshchahivka, UA
Mykolayiv, UA
Mymensingh, BD
Mysuru, IN
Mytishchi, RU
Mzuzu, MW
Málaga, ES
Médéa, DZ
Mérida, MX
Mérida, VE
Móng Cái, VN
Móstoles, ES
Mönchengladbach, DE
Möng Yang, MM
Mülheim, DE
Münster, DE
Māler Kotla, IN
Mīt Ghamr, EG
Mīāndoāb, IR
Mīāneh, IR
Mỹ Hào, VN
Mỹ Tho, VN
N'Djamena, TD
N'dalatando, AO
NIA Valencia, PH
Nabatîyé et Tahta, LB
Naberezhnyye Chelny, RU
Nablus, PS
Nacala, MZ
Nada, CN
Nadiād, IN
Nador, MA
Naga, PH
Naga, PH
Nagahama, JP
Nagano, JP
Nagaoka, JP
Nagaon, IN
Nagapattinam, IN
Nagar Naluākot, BD
Nagareyama, JP
Nagasaki, JP
Nagda, IN
Nagoya, JP
Nagpur, IN
Naha, JP
Naihāti, IN
Nairobi, KE
Naivasha, KE
Najaf, IQ
Najafgarh, IN
Najafābād, IR
Najrān, SA
Nakano, JP
Nakhodka, RU
Nakhon Pathom, TH
Nakhon Ratchasima, TH
Nakhon Si Thammarat, TH
Nakuru, KE
Nalchik, RU
Nalgonda, IN
Nam Định, VN
Namangan, UZ
Nampula, MZ
Namp’o, KP
Namur, BE
Nanbin, CN
Nanchang, CN
Nanchong, CN
Nanchuan, CN
Nancun, CN
Nancy, FR
Nanded, IN
Nandurbar, IN
Nandyāl, IN
Nanjin, CN
Nanjing, CN
Nanning, CN
Nanpiao, CN
Nanping, CN
Nansana, UG
Nantes, FR
Nantong, CN
Nantou, CN
Nantou, TW
Nanyang, CN
Naperville, US
Naples, IT
Nara-shi, JP
Narasaraopet, IN
Narashino, JP
Narayanganj, BD
Narela, IN
Narita, JP
Narmadapuram, IN
Narowal, PK
Narsingdi, BD
Nashik, IN
Nashville, US
Nasimshahr, IR
Nasiriyah, IQ
Nassau, BS
Nasushiobara, JP
Nasīm Shahr, IR
Natal, BR
Natore, BD
Naucalpan de Juárez, MX
Navadwīp, IN
Navi Mumbai, IN
Navoiy, UZ
Navojoa, MX
Navotas, PH
Navsari, IN
Nawabshah, PK
Nawābganj, BD
Nay Pyi Taw, MM
Nazilli, TR
Nazran, RU
Nazrēt, ET
Naz̧arābād, IR
Ndola, ZM
Neftekamsk, RU
Nefteyugansk, RU
Negombo, LK
Nehe, CN
Neihu, TW
Neijiang, CN
Neili, TW
Neiva, CO
Nek’emtē, ET
Nellore, IN
Nepalgunj, NP
Nepean, CA
Netanya, IL
Neue Neustadt, DE
Neukölln, DE
Neuquén, AR
Neuss, DE
Nevinnomyssk, RU
New Bedford, US
New Cairo, EG
New Delhi, IN
New Haven, US
New Kingston, JM
New Mirpur City, PK
New Orleans, US
New South Memphis, US
New Taipei City, TW
New Territories, HK
New York City, US
Newark, US
Newcastle under Lyme, GB
Newcastle upon Tyne, GB
Newcastle, AU
Newcastle, ZA
Newport News, US
Newport, GB
Newton, CA
Neyagawa, JP
Neyshābūr, IR
Neyveli, IN
Ngaoundéré, CM
Nghi Sơn, VN
Nghi Xuân, VN
Ngong, KE
Nguru, NG
Ngã Bảy, VN
Nha Trang, VN
Niamey, NE
Nianbo, CN
Nice, FR
Nicolás Romero, MX
Nicosia, CY
Nigel, ZA
Niigata, JP
Niihama, JP
Niiza, JP
Nijmegen, NL
Nikopol, UA
Nilópolis, BR
Nimach, IN
Ningbo, CN
Ningde, CN
Ning’er, CN
Ninh Hòa, VN
Nippes, DE
Nishi-Tokyo-shi, JP
Nishinomiya, JP
Nishio, JP
Niterói, BR
Nizhnekamsk, RU
Nizhnevartovsk, RU
Nizhniy Novgorod, RU
Nizhny Tagil, RU
Nizāmābād, IN
Niš, RS
Njeru, UG
Nkayi, CG
Nkongsamba, CM
Nkpor, NG
Nnewi, NG
Nobeoka, JP
Noda, JP
Nogales, MX
Noginsk, RU
Noida, IN
Nong Chok, TH
Nong Khaem, TH
Nor Nork, AM
Norfolk, US
Norilsk, RU
Norman, US
North Charleston, US
North Las Vegas, US
North Peoria, US
North Shore, NZ
North Stamford, US
Northampton, GB
Norwalk, US
Norwich, GB
Norzagaray, PH
Nossa Senhora de Fátima, CN
Nossa Senhora do Socorro, BR
Nottingham, GB
Nou Barris, ES
Nouadhibou, MR
Nouakchott, MR
Nova Friburgo, BR
Nova Iguaçu, BR
Nova Lima, BR
Nova Serrana, BR
Novara, IT
Novi Sad, RS
Novo Gama, BR
Novo Hamburgo, BR
Novo-Peredelkino, RU
Novocheboksarsk, RU
Novocherkassk, RU
Novokuybyshevsk, RU
Novokuznetsk, RU
Novomoskovsk, RU
Novorossiysk, RU
Novosibirsk, RU
Novotroitsk, RU
Novyye Cherëmushki, RU
Novyye Kuz’minki, RU
Nowrangapur, IN
Noyabrsk, RU
Nsukka, NG
Ntuzuma, ZA
Nuevo Laredo, MX
Nukus, UZ
Numazu, JP
Nyala, SD
Nyingchi, CN
Nyzhnyodniprovsk, UA
Nyíregyháza, HU
Nzega, TZ
Nzérékoré, GN
Nîmes, FR
Nürnberg, DE
Nāgarpur, BD
Nāgaur, IN
Nāgercoil, IN
Nāngloi Jāt, IN
Nāḩiyat al Iskandarīyah, IQ
Oakland, US
Oakville, CA
Oaxaca, MX
Obalende, NG
Oberhausen, DE
Obihiro, JP
Obninsk, RU
Obolon, UA
Obuase, GH
Ocaña, CO
Oceanside, US
Ochakovo-Matveyevskoye, RU
Ocumare del Tuy, VE
Odawara, JP
Odense, DK
Odesa, UA
Odessa, US
Odintsovo, RU
Offa, NG
Offenbach, DE
Ogbomoso, NG
Ojo de Agua, MX
Okara, PK
Okayama, JP
Okazaki, JP
Okene, NG
Okigwe, NG
Okinawa, JP
Oklahoma City, US
Okrika, NG
Oktyabrsky, RU
Olathe, US
Oldenburg, DE
Oldham, GB
Oleksiyivka, UA
Olinda, BR
Olmaliq, UZ
Olongapo, PH
Olsztyn, PL
Omaha, US
Omdurman, SD
Omsk, RU
Ondjiva, AO
Ondo, NG
Ongata Rongai, KE
Ongole, IN
Onitsha, NG
Onomichi, JP
Ontario, US
Ooty, IN
Opole, PL
Oradea, RO
Orai, IN
Oral, KZ
Oran, DZ
Orange, US
Ordos, CN
Ordu, TR
Orekhovo-Borisovo Severnoye, RU
Orekhovo-Borisovo, RU
Orekhovo-Zuyevo, RU
Orenburg, RU
Orihuela, ES
Orizaba, MX
Orkney, ZA
Orlando, US
Orléans, CA
Orléans, FR
Ormoc, PH
Orsha, BY
Orsk, RU
Oruro, BO
Orël, RU
Orūmīyeh, IR
Osaka, JP
Osan, KR
Osasco, BR
Osh, KG
Oshawa, CA
Oshodi, NG
Oslo, NO
Osmaniye, TR
Osnabrück, DE
Osogbo, NG
Osorno, CL
Ostrava, CZ
Otaru, JP
Ottakring, AT
Ottawa South, CA
Ottawa, CA
Ouagadougou, BF
Ouahigouya, BF
Ouargla, DZ
Oued Zem, MA
Oujda, MA
Oulu, FI
Ourense, ES
Ourinhos, BR
Overland Park, US
Oviedo, ES
Owerri, NG
Owo, NG
Oxford, GB
Oxnard, US
Oyama, JP
Oyo, NG
Paarl, ZA
Pachuca de Soto, MX
Padalarang, ID
Padang, ID
Padangsidempuan, ID
Paderborn, DE
Padova, IT
Paech’ŏn-ŭp, KP
Paek'ak, KP
Pagadian, PH
Pailou, CN
Pak Kret, TH
Pakokku, MM
Pakpattan, PK
Palakkad, IN
Palangkaraya, ID
Palembang, ID
Palermo, IT
Palhoça, BR
Pallabi, BD
Pallāvaram, IN
Palm Bay, US
Palma Soriano, CU
Palma, ES
Palmas, BR
Palmdale, US
Palmira, CO
Palo Negro, VE
Palopo, ID
Paltan, BD
Palu, ID
Palwal, IN
Pamanukan, ID
Pamplona, ES
Pamulang, ID
Panabo, PH
Panalanoy, PH
Panamá, PA
Panchkula, IN
Pandi, PH
Pangkalpinang, ID
Panipat, IN
Paniqui, PH
Panshan, CN
Panvel, IN
Panzhihua, CN
Paradise, US
Paragominas, BR
Parakou, BJ
Paramaribo, SR
Paranaguá, BR
Paranaque City, PH
Paraná, AR
Parauapebas, BR
Parbhani, IN
Parelheiros, BR
Parepare, ID
Parintins, BR
Paris 11e Arrondissement, FR
Paris 12e Arrondissement, FR
Paris 13e Arrondissement, FR
Paris, FR
Parla, ES
Parma, IT
Parnamirim, BR
Parnaíba, BR
Parral, MX
Parung, ID
Pasadena, US
Pasadena, US
Pasarkemis, ID
Pasay, PH
Paseh, ID
Pasig City, PH
Pasir Gudang, MY
Pasir Mas, MY
Pasir Puteh, MY
Passo Fundo, BR
Passos, BR
Pasto, CO
Pasuruan, ID
Paterson, US
Pathein, MM
Pathānkot, IN
Pati, ID
Patiāla, IN
Patna, IN
Patos de Minas, BR
Pattaya, TH
Paulista, BR
Paulo Afonso, BR
Paulínia, BR
Pavlodar, KZ
Pavlohrad, UA
Paya Terubong, MY
Payakumbuh, ID
Paço do Lumiar, BR
Pearland, US
Pechersk, UA
Pedreira, BR
Peicheng, CN
Pekalongan, ID
Pekanbaru, ID
Pelabuhanratu, ID
Pelentong, MY
Pelotas, BR
Pemalang, ID
Pematangsiantar, ID
Pemba, MZ
Pembroke Pines, US
Pengpu, CN
Pengze, CN
Penza, RU
Peoria, US
Peoria, US
Perbaungan, ID
Percut, ID
Perdizes, BR
Pereira, CO
Peristéri, GR
Perling, MY
Perm, RU
Perpignan, FR
Perth, AU
Perugia, IT
Pervouralsk, RU
Pescara, IT
Peshawar, PK
Petaling Jaya, MY
Petapa, GT
Petare, VE
Petaẖ Tiqva, IL
Peterborough, GB
Petrogradka, RU
Petrolina, BR
Petropavl, KZ
Petropavlovsk-Kamchatsky, RU
Petrozavodsk, RU
Petrópolis, BR
Petržalka, SK
Peñalolén, CL
Pforzheim, DE
Phagwāra, IN
Phalaborwa, ZA
Phan Rang-Tháp Chàm, VN
Phan Thiết, VN
Phasi Charoen, TH
Philadelphia, US
Phnom Penh, KH
Phoenix, US
Phong Điền, VN
Phool Nagar, PK
Phra Pradaeng, TH
Phu Quoc, VN
Phusro, IN
Phú Mỹ, VN
Phú Quốc, VN
Phúc Yên, VN
Phổ Yên, VN
Phủ Lý, VN
Piacenza, IT
Piatra Neamţ, RO
Piedecuesta, CO
Piedras Negras, MX
Pietermaritzburg, ZA
Pikine, SN
Pilsen, CZ
Pimpri, IN
Pimpri-Chinchwad, IN
Pinar del Río, CU
Pindamonhangaba, BR
Pindiga, NG
Pinetown, ZA
Pingdingshan, CN
Pingdu, CN
Pingliang, CN
Pingshan, CN
Pingwu County, CN
Pingxiang, CN
Pingxiang, CN
Pinhais, BR
Pinsk, BY
Piracicaba, BR
Piraeus, GR
Piraquara, BR
Pirituba, BR
Pisa, IT
Pita Kotte, LK
Pitalito, CO
Piteşti, RO
Pithampur, IN
Pittsburgh, US
Piura, PE
Pizhou, CN
Planaltina, BR
Planaltina, BR
Plano Piloto, BR
Plano, US
Plaridel, PH
Playa del Carmen, MX
Plaza de la Revolución, CU
Pleiku, VN
Ploieşti, RO
Plovdiv, BG
Plumbon, ID
Plymouth, GB
Podgorica, ME
Podolsk, RU
Pohang, KR
Pointe-Noire, CG
Pokhara, NP
Polokwane, ZA
Poltava, UA
Pomona, US
Pompano Beach, US
Ponce, PR
Ponnāni, IN
Ponta Grossa, BR
Pontianak, ID
Poole, GB
Popayán, CO
Porbandar, IN
Porlamar, VE
Port Blair, IN
Port Dickson, MY
Port Harcourt, NG
Port Louis, MU
Port Moresby, PG
Port Said, EG
Port Saint Lucie, US
Port Sudan, SD
Port-Gentil, GA
Port-au-Prince, HT
Port-de-Paix, HT
Portland, US
Portmore, JM
Porto Alegre, BR
Porto Seguro, BR
Porto Velho, BR
Porto, PT
Porto-Novo, BJ
Portoviejo, EC
Portsmouth, GB
Porz am Rhein, DE
Posadas, AR
Potchefstroom, ZA
Potosí, BO
Potsdam, DE
Pouso Alegre, BR
Poza Rica de Hidalgo, MX
Poznań, PL
Pozniaky, UA
Poá, BR
Poços de Caldas, BR
Prabumulih, ID
Praga Południe, PL
Prague, CZ
Praia Grande, BR
Praia, CV
Prato, IT
Prayagraj, IN
Prenzlauer Berg, DE
Presidente Prudente, BR
Presnenskiy, RU
Preston, GB
Pretoria, ZA
Pristina, XK
Prizren, XK
Probolinggo, ID
Proddatūr, IN
Prokop’yevsk, RU
Proletarskyi, UA
Providence, US
Provo, US
Pskov, RU
Pucallpa, PE
Puchong, MY
Puducherry, IN
Pudukkottai, IN
Puebla, MX
Pueblo, US
Puente Alto, CL
Puente de Vallecas, ES
Puerto Ayacucho, VE
Puerto Barrios, GT
Puerto Cabello, VE
Puerto La Cruz, VE
Puerto Montt, CL
Puerto Plata, DO
Puerto Princesa, PH
Puerto Vallarta, MX
Pulandian, CN
Pulilan, PH
Pulong Santa Cruz, PH
Pune, IN
Punggol, SG
Puning, CN
Puno, PE
Punta Arenas, CL
Punta Cana, DO
Punta Cardón, VE
Punto Fijo, VE
Punāsa, IN
Puqi, CN
Puri, IN
Purnia, IN
Puruliya, IN
Purwakarta, ID
Purwodadi, ID
Purwokerto, ID
Pushkino, RU
Puthia, BD
Putian, CN
Puyang Chengguanzhen, CN
Puyang, CN
Puyang, CN
Pyatigorsk, RU
Pyay, MM
Pyeongtaek, KR
Pyin Oo Lwin, MM
Pyongyang, KP
Pátra, GR
Pécs, HU
Pétionville, HT
Pôr do Sol, BR
Pābna, BD
Pākdasht, IR
Pālanpur, IN
Pāli, IN
Pānihāti, IN
Pār Naogaon, BD
Pārsābād, IR
Pātan, IN
Pātan, NP
Pīlibhīt, IN
Płock, PL
Qalyub, EG
Qarchak, IR
Qarshi, UZ
Qazvin, IR
Qaşr Bin Ghashīr, LY
Qianjiang, CN
Qianjiang, CN
Qiaotou, CN
Qibao, CN
Qina, EG
Qingdao, CN
Qingnian, CN
Qingyang, CN
Qingyuan, CN
Qingzhou, CN
Qinhuangdao, CN
Qinzhou, CN
Qionghai, CN
Qiqihar, CN
Qitaihe, CN
Qom, IR
Qo‘qon, UZ
Quanzhou, CN
Quarto Oggiaro, IT
Queens, US
Queenstown, ZA
Queimados, BR
Quelimane, MZ
Queluz, PT
Quetta, PK
Quetzaltenango, GT
Quevedo, EC
Quezon City, PH
Quezon, PH
Qui Nhon, VN
Quibdó, CO
Quilicura, CL
Quillacollo, BO
Quilmes, AR
Quilpué, CL
Quito, EC
Qujing, CN
Qurayyat, SA
Quthbullapur, IN
Quzhou, CN
Québec, CA
Quảng Ngãi, VN
Quận Ba, VN
Quận Bốn, VN
Quận Mười Một, VN
Quận Mười, VN
Quận Năm, VN
Quận Sáu, VN
Quận Đức Thịnh, VN
Qā’em Shahr, IR
Qūchān, IR
Rabak, SD
Rabat, MA
Radom, PL
Raebareli, IN
Rafaḩ, PS
Rafsanjān, IR
Rahim Yar Khan, PK
Raigarh, IN
Raipur, IN
Rajamahendravaram, IN
Rajapalayam, IN
Rajpur Sonarpur, IN
Rajshahi, BD
Raleigh, US
Ramadi, IQ
Ramagundam, IN
Ramat Gan, IL
Ramenki, RU
Ramna Maidan, BD
Rancagua, CL
Ranchi, IN
Rancho Cucamonga, US
Randburg, ZA
Randfontein, ZA
Ranebennur, IN
Rangamati, BD
Rangel, AO
Rangkasbitung, ID
Rangpur, BD
Rantauprapat, ID
Raposo Tavares, BR
Ras Al Khaimah, AE
Rasapūdipalem, IN
Rasht, IR
Ratlām, IN
Raurkela Industrial Township, IN
Rawalpindi, PK
Rawang, MY
Rayon KTZ, UA
Rayong, TH
Ra’s Bayrūt, LB
Reading, GB
Recanto das Emas, BR
Recife, BR
Recklinghausen, DE
Red Deer, CA
Regensburg, DE
Reggio Calabria, IT
Reggio nell'Emilia, IT
Regina, CA
Reims, FR
Relizane, DZ
Remscheid, DE
Renca, CL
Rengasdengklok, ID
Rennes, FR
Reno, US
Renton, US
Resende, BR
Resistencia, AR
Ressano Garcia, MZ
Retiro, ES
Reus, ES
Reutlingen, DE
Rewa, IN
Rewāri, IN
Reykjavík, IS
Reynosa, MX
Reẖovot, IL
Riacho Fundo II, BR
Rialto, US
Ribeirão Pires, BR
Ribeirão Preto, BR
Ribeirão das Neves, BR
Richards Bay, ZA
Richardson, US
Richmond Hill, CA
Richmond, CA
Richmond, US
Richmond, US
Riga, LV
Rijeka, HR
Rimini, IT
Rio Branco, BR
Rio Claro, BR
Rio Grande, BR
Rio Pequeno, BR
Rio Verde, BR
Rio das Ostras, BR
Rio de Janeiro, BR
Riobamba, EC
Riohacha, CO
Rionegro, CO
Rishon LeTsiyyon, IL
Rishra, IN
Riverside, US
Rivière-des-Prairies–Pointe-aux-Trembles, CA
Rivne, UA
Riyadh, SA
Rize, TR
Rizhao, CN
Roanoke, US
Robertsonpet, IN
Rochester, US
Rochester, US
Rockford, US
Rodenkirchen, DE
Rodriguez, PH
Rohini, IN
Rohtak, IN
Rome, IT
Rondonópolis, BR
Roodepoort, ZA
Roorkee, IN
Rosario, AR
Rosario, PH
Rosarito, MX
Rosemont–La Petite-Patrie, CA
Rosetta, EG
Roseville, US
Rostock, DE
Rostov-na-Donu, RU
Rotherham, GB
Rotterdam, NL
Rouen, FR
Rouiba, DZ
Round Rock, US
Rourkela, IN
Roxas City, PH
Rubtsovsk, RU
Ruda Śląska, PL
Rudnyy, KZ
Rudrapur, IN
Rufisque est, SN
Rufisque, SN
Rugao, CN
Ruiru, KE
Rui’an, CN
Ruqi, SO
Ruse, BG
Russeifa, JO
Rustaq, OM
Rustavi, GE
Rustenburg, ZA
Ryazanskiy, RU
Ryazan’, RU
Rybinsk, RU
Rybnik, PL
Rzeszów, PL
Río Cuarto, AR
Rāichūr, IN
Rāiganj, IN
Rāj-Nāndgaon, IN
Rājkot, IN
Rāmgundam, IN
Rāmpur, IN
Rāniganj, IN
Rānipet, IN
Rānīganj, IN
Rạch Giá, VN
Sa Dec, VN
Saaba, BF
Saanich, CA
Saarbrücken, DE
Sabadell, ES
Sabanalarga, CO
Sabará, BR
Sabha, LY
Sabzevar, IR
Sacaba, BO
Sacomã, BR
Sacramento, US
Saddiqabad, PK
Safi, MA
Saga, JP
Sagamihara, JP
Saguenay, CA
Saharsa, IN
Sahiwal, PK
Sahāranpur, IN
Sai Mai, TH
Saidpur, BD
Saijō, JP
Saint Paul, US
Saint Peters, GB
Saint Petersburg, RU
Saint-Denis, RE
Saint-Louis, SN
Saint-Louis-de-Terrebonne, CA
Saint-Paul, RE
Saint-Quentin-en-Yvelines, FR
Saint-Étienne, FR
Sainte-Foy, CA
Saitama, JP
Sakado, JP
Sakai, JP
Sakakah, SA
Sakata, JP
Saki, NG
Sakura, JP
Salamanca, ES
Salamanca, ES
Salamanca, MX
Salaqi, CN
Salatiga, ID
Salavat, RU
Salem, IN
Salem, US
Salerno, IT
Salford, GB
Salihli, TR
Salinas, US
Salt Lake City, US
Salta, AR
Saltillo, MX
Saltivka, UA
Salto, BR
Salvador, BR
Salvaleón de Higüey, DO
Salzburg, AT
Salzgitter, DE
Salé Al Jadida, MA
Salé, MA
Samambaia, BR
Samandağ, TR
Samara, RU
Samarinda, ID
Samarkand, UZ
Sambalpur, IN
Sambhal, IN
Sambizanga, AO
Sampit, ID
Samsun, TR
Samut Prakan, TH
Samālūţ, EG
San Antonio, US
San Bernardino, US
San Bernardo, CL
San Blas-Canillejas, ES
San Carlos del Zulia, VE
San Carlos, VE
San Cristóbal de las Casas, MX
San Cristóbal, DO
San Cristóbal, VE
San Diego, US
San Felipe, VE
San Fernando de Apure, VE
San Fernando, PH
San Francisco De Borja, PE
San Francisco de Macorís, DO
San Francisco, US
San Jose del Monte, PH
San Jose, PH
San Jose, US
San José del Cabo, MX
San José, CR
San Juan Sacatepéquez, GT
San Juan de los Morros, VE
San Juan del Río, MX
San Juan, AR
San Juan, PH
San Juan, PR
San Justo, AR
San Lorenzo, PY
San Luis Potosí, MX
San Luis Río Colorado, MX
San Luis, AR
San Martin Texmelucan de Labastida, MX
San Martin, PE
San Mateo, PH
San Mateo, US
San Miguel de Allende, MX
San Miguel de Tucumán, AR
San Miguel del Padrón, CU
San Miguel, AR
San Miguel, SV
San Miguelito, PA
San Nicolás de los Arroyos, AR
San Nicolás de los Garza, MX
San Pablo de las Salinas, MX
San Pablo, PH
San Pedro Garza García, MX
San Pedro Sula, HN
San Pedro de Macorís, DO
San Pedro de la Paz, CL
San Pedro, PH
San Rafael, AR
San Salvador de Jujuy, AR
San Salvador, SV
San Tung Chung Hang, HK
San, ML
San-Pédro, CI
Sanaa, YE
Sanandaj, IR
Sancaktepe, TR
Sancti Spíritus, CU
Sandachō, JP
Sandakan, MY
Sandy Springs, US
Sangju, KR
Sanhe, CN
Sanhe, CN
Sanmenxia, CN
Sanming, CN
Sano, JP
Sanshui, CN
Sant Andreu, ES
Sant Martí, ES
Santa Ana, SV
Santa Ana, US
Santa Anita - Los Ficus, PE
Santa Bárbara d'Oeste, BR
Santa Catarina, MX
Santa Clara, CU
Santa Clara, US
Santa Clarita, US
Santa Coloma de Gramenet, ES
Santa Cruz de Tenerife, ES
Santa Cruz de la Sierra, BO
Santa Cruz do Sul, BR
Santa Cruz, PH
Santa Cruz, PH
Santa Fe, AR
Santa Lucía Cotzumalguapa, GT
Santa Luzia, BR
Santa Maria, BR
Santa Maria, BR
Santa Maria, US
Santa Marta, CO
Santa Rita, BR
Santa Rosa, AR
Santa Rosa, PH
Santa Rosa, US
Santa Tecla, SV
Santa Teresa del Tuy, VE
Santana de Parnaíba, BR
Santana, BR
Santana, BR
Santander, ES
Santarém, BR
Santiago de Cuba, CU
Santiago de Querétaro, MX
Santiago de Surco, PE
Santiago de los Caballeros, DO
Santiago del Estero, AR
Santiago, CL
Santiago, PH
Santo André, BR
Santo António, CN
Santo Antônio de Jesus, BR
Santo Domingo Este, DO
Santo Domingo Oeste, DO
Santo Domingo de los Colorados, EC
Santo Domingo, DO
Santol, PH
Santos, BR
Sants-Montjuïc, ES
Sanxia, TW
Sanya, CN
Sao Lucas, BR
Sao Rafael, BR
Sapele, NG
Sapopemba, BR
Sapporo, JP
Sapucaia do Sul, BR
Saqqez, IR
Sarajevo, BA
Sarandi, BR
Saransk, RU
Saratov, RU
Sargodha, PK
Sarh, TD
Sari, IR
Sariwŏn-si, KP
Sarrià-Sant Gervasi, ES
Sasarām, IN
Sasebo, JP
Saskatoon, CA
Sasolburg, ZA
Satara, IN
Satna, IN
Satu Mare, RO
Saugor, IN
Saurimo, AO
Savannah, US
Savannakhet, LA
Savar, BD
Sawai Madhopur, IN
Sawangan, ID
Sayama, JP
Saïda, DZ
Schaerbeek, BE
Schöneberg, DE
Scottsdale, US
Seattle, US
Sebeta, ET
Sector 1, RO
Sector 2, RO
Sector 3, RO
Sector 4, RO
Sector 5, RO
Sector 6, RO
Secunderabad, IN
Seeb, OM
Sehore, IN
Sejong, KR
Sejoumi, TN
Sekondi, GH
Sekondi-Takoradi, GH
Selayang Baru Utara, MY
Semarang, ID
Sembawang Estate, SG
Semey, KZ
Semnan, IR
Senador Canedo, BR
Sendai, JP
Sengerema, TZ
Sengkang New Town, SG
Sennar, SD
Seogwipo, KR
Seongnam-si, KR
Seoni, IN
Seoul, KR
Sepang, MY
Sepatan, ID
Serang, ID
Serangoon New Town, SG
Serangoon, SG
Serekunda, GM
Seremban, MY
Sergeli, UZ
Sergiyev Posad, RU
Seri Kembangan, MY
Serilingampalle, IN
Serpukhov, RU
Serra, BR
Sertãozinho, BR
Set Ka Lay, MM
Setagaya, JP
Setapak, MY
Sete Lagoas, BR
Setia Alam, MY
Seto, JP
Settat, MA
Setúbal, PT
Sevastopol, UA
Severnyy, RU
Severodvinsk, RU
Seversk, RU
Sevilla, ES
Sfax, TN
Sha Tin, HK
Shache, CN
Shagamu, NG
Shah Alam, MY
Shahdad Kot, PK
Shahecheng, CN
Shahkot, PK
Shahr-e Kord, IR
Shahr-e Qods, IR
Shahre Jadide Andisheh, IR
Shahreẕā, IR
Shahrisabz, UZ
Shahrud, IR
Shahrīār, IR
Shahuwadi, IN
Shajing, CN
Shakhty, RU
Sham Shui Po, HK
Shanghai, CN
Shangluo, CN
Shangqiu, CN
Shangrao, CN
Shangri-La, CN
Shangyu, CN
Shangzhi, CN
Shanhaiguan, CN
Shantou, CN
Shanwei, CN
Shaoguan, CN
Shaoshan, CN
Shaowu, CN
Shaoxing, CN
Shaoyang, CN
Shaping, CN
Sharjah, AE
Shashamane, ET
Shchukino, RU
Shchyolkovo, RU
Sheepshead Bay, US
Sheffield, GB
Shekhupura, PK
Shengavit, AM
Shenglilu, CN
Shenyang, CN
Shenzhen, CN
Sherbrooke, CA
Sherpur, BD
Shevchenko, UA
Shevchenko, UA
Shibganj, BD
Shibuya, JP
Shibīn al Kawm, EG
Shihezi, CN
Shijiazhuang, CN
Shijie, CN
Shikarpur, PK
Shillong, IN
Shilong, CN
Shimla, IN
Shimonoseki, JP
Shimotoda, JP
Shinagawa, JP
Shinjuku, JP
Shinyanga, TZ
Shiqi, CN
Shiqiao, CN
Shiraz, IR
Shivaji Nagar, IN
Shivamogga, IN
Shivpuri, IN
Shiyan, CN
Shizuishan, CN
Shizuoka, JP
Sholapur, IN
Shomolu, NG
Shouguang, CN
Shreveport, US
Shrīrāmpur, IN
Shuangcheng, CN
Shuanglonghu, CN
Shuangyashan, CN
Shubrā al Khaymah, EG
Shuifu, CN
Shuizhai, CN
Shulin, TW
Shunyi, CN
Shyamnagar, IN
Shymkent, KZ
Shāhjānpur, IN
Shāhzādpur, BD
Shāhīn Shahr, IR
Shāntipur, IN
Shūnan, JP
Si Racha, TH
Sialkot, PK
Sibiu, RO
Sibu, MY
Sidi Bel Abbes, DZ
Sidi Slimane, MA
Sidoarjo, ID
Sidon, LB
Siegen, DE
Siem Reap, KH
Siguiri, GN
Siheungdong, KR
Siirt, TR
Sikasso, ML
Silang, PH
Silchar, IN
Siliguri, IN
Simao, CN
Simferopol, UA
Simi Valley, US
Simmering, AT
Simões Filho, BR
Sincelejo, CO
Sinch’ŏn-ŭp, KP
Sinfra, CI
Singa, SD
Singapore, SG
Singaraja, ID
Singida, TZ
Singkawang, ID
Singosari, ID
Singrauli, IN
Sinnūris, EG
Sinop, BR
Sinp’o, KP
Sinŭiju, KP
Sioux Falls, US
Siping, CN
Siracusa, IT
Sirajganj, BD
Sirjan, IR
Sirsa, IN
Sirte, LY
Sitiawan, MY
Sittwe, MM
Situbondo, ID
Sivakasi, IN
Sivas, TR
Siverek, TR
Siwān, IN
Skardu, PK
Skikda, DZ
Skopje, MK
Skudai, MY
Slough, GB
Sloviansk, UA
Smolensk, RU
Soacha, CO
Sobral, BR
Sochi, RU
Sodo, ET
Sofia, BG
Sogamoso, CO
Sohag, EG
Sohar, OM
Sokodé, TG
Sokoto, NG
Soledad de Graciano Sánchez, MX
Soledad, CO
Solihull, GB
Solikamsk, RU
Solingen, DE
Sollentuna, SE
Solntsevo, RU
Solomyansk, UA
Solwezi, ZM
Somaroboro, ZA
Somerset West, ZA
Songcheng, CN
Songea, TZ
Songjiang, CN
Songnim-ni, KP
Songyuan, CN
Sonārgaon, BD
Sonīpat, IN
Soran, IQ
Soreang, ID
Sorocaba, BR
Sorong, ID
Sorriso, BR
Sorsogon, PH
Soshanguve, ZA
Sosnowiec, PL
Soubré, CI
Souk Ahras, DZ
Sousse, TN
South Bend, US
South Boston, US
South Dublin, IE
South Fulton, US
South Tangerang, ID
Southampton, GB
Southend-on-Sea, GB
Soweto, ZA
Soyapango, SV
Soyo, AO
Soyībug, IN
Spanish Town, JM
Split, HR
Spokane, US
Spring Valley, US
Springfield, US
Springfield, US
Springfield, US
Springs, ZA
Sri Ganganagar, IN
Sri Jayewardenepura Kotte, LK
Srikakulam, IN
Srinagar, IN
St Helens, GB
St. Catharines, CA
St. John's, CA
St. Louis, US
St. Petersburg, US
Stamford, US
Standerton, ZA
Stara Zagora, BG
Staryy Oskol, RU
Staten Island, US
Stavanger, NO
Stavropol’, RU
Sterling Heights, US
Sterlitamak, RU
Stockholm, SE
Stockport, GB
Stockton, US
Stoke-on-Trent, GB
Strasbourg, FR
Strogino, RU
Stuttgart, DE
Suan Luang, TH
Subang Jaya, MY
Subang, ID
Sucre, BO
Suez, EG
Suginami, JP
Suicheng, CN
Suihua, CN
Suining, CN
Suita, JP
Suizhou, CN
Sujiatun, CN
Sukabumi, ID
Sukawati, ID
Sukkur, PK
Sukrah, TN
Sulaymaniyah, IQ
Suleja, NG
Sullana, PE
Sultan Kudarat, PH
Sultan Pur Majra, IN
Sultanbeyli, TR
Sultangazi, TR
Sultānpur, IN
Sulţānah, SA
Sumaré, BR
Sumbawanga, TZ
Sumbe, AO
Sumedang, ID
Sumida, JP
Sumqayıt, AZ
Sumy, UA
Suncheon, KR
Sunch’ŏn, KP
Sunderland, GB
Sungai Buloh, MY
Sungai Petani, MY
Sungailiat, ID
Sunggal, ID
Sunnyvale, US
Sunrise Manor, US
Sunset Park, US
Sunshine Coast, AU
Suqian, CN
Surabaya, ID
Surakarta, ID
Surat Thani, TH
Surat, IN
Surendranagar, IN
Surgut, RU
Suriāpet, IN
Surprise, US
Surrey, CA
Surulere, NG
Suruç, TR
Sutton Coldfield, GB
Sutton, GB
Suwon, KR
Suzano, BR
Suzhou, CN
Suzhou, CN
Suzuka, JP
Svyatoshyn, UA
Swansea, GB
Swindon, GB
Sydney, AU
Sydney, CA
Sykhiv, UA
Syktyvkar, RU
Sylhet, BD
Syracuse, US
Syzran, RU
Szczecin, PL
Szeged, HU
Székesfehérvár, HU
São Bernardo do Campo, BR
São Caetano do Sul, BR
São Carlos, BR
São Gonçalo do Amarante, BR
São José de Ribamar, BR
São José do Rio Preto, BR
São José dos Campos, BR
São José dos Pinhais, BR
São José, BR
São José, BR
São João de Meriti, BR
São Leopoldo, BR
São Lourenço da Mata, BR
São Luís, BR
São Mateus, BR
São Mateus, BR
São Paulo, BR
São Pedro da Aldeia, BR
São Vicente, BR
Ségou, ML
Séguéla, CI
Sétif, DZ
Sóc Trăng, VN
Södermalm, SE
Sāmarrā’, IQ
Sāngli, IN
Sātkhira, BD
Sāveh, IR
Sīkar, IN
Sīnah, IQ
Sītāpur, IN
Sōka, JP
Sūjāngarh, IN
Sơn La, VN
Sơn Tây, VN
Sầm Sơn, VN
Tabora, TZ
Taboão da Serra, BR
Tabriz, IR
Tabuk, PH
Tabuk, PH
Tabuk, SA
Tacheng, CN
Tachikawa, JP
Tacloban, PH
Tacna, PE
Tacoma, US
Tacurong, PH
Tadepalligudem, IN
Tadpatri, IN
Taganrog, RU
Taganskiy, RU
Taguatinga, BR
Taguig, PH
Tahoua, NE
Tai Po, HK
Taibai, CN
Taicang, CN
Taichung, TW
Tainan, TW
Taipa, MO
Taipei, TW
Taiping, MY
Taishan, CN
Taito, JP
Taitung, TW
Taiyuan, CN
Taiz, YE
Taizhou, CN
Taizhou, CN
Tai’an, CN
Tajimi, JP
Takamatsu, JP
Takaoka, JP
Takarazuka, JP
Takasaki, JP
Takatsuki, JP
Takeo, KH
Takoradi, GH
Talatona, AO
Talca, CL
Talcahuano, CL
Taldykorgan, KZ
Taling Chan, TH
Talisay, PH
Talisay, PH
Tallahassee, US
Tallinn, EE
Tam Kỳ, VN
Tama, JP
Tamale, GH
Taman Petaling, MY
Tambacounda, SN
Tambaram, IN
Tambov, RU
Tampa, US
Tampere, FI
Tampico, MX
Tampines Estate, SG
Tampines New Town, SG
Tandil, AR
Tando Adam, PK
Tando Allahyar, PK
Tando Muhammad Khan, PK
Tanga, TZ
Tangail, BD
Tangará da Serra, BR
Tangerang, ID
Tanggu, CN
Tangier, MA
Tangshan, CN
Tanjung Pandan, ID
Tanjung Pinang, ID
Tanjungbalai, ID
Tanta, EG
Tantou, CN
Tanza, PH
Tanzhou, CN
Taonan, CN
Taourirt, MA
Taoyuan City, TW
Taoyuan, TW
Taozhou, CN
Tapachula, MX
Tarakan, ID
Taranto, IT
Taraz, KZ
Targówek, PL
Tarija, BO
Tarime, TZ
Tarlac City, PH
Tarnów, PL
Tarragona, ES
Tarsus, TR
Tasek Glugor, MY
Tashkent, UZ
Tasikmalaya, ID
Tatuí, BR
Taubaté, BR
Taunggyi, MM
Taungoo, MM
Tauranga, NZ
Tawau, MY
Tayabas, PH
Taytay, PH
Taza, MA
Ta’if, SA
Tbilisi, GE
Tebingtinggi, ID
Tegal, ID
Tegucigalpa, HN
Tehran, IR
Tehuacán, MX
Tekirdağ, TR
Tel Aviv, IL
Telde, ES
Telford, GB
Teluk Intan, MY
Teluknaga, ID
Tema, GH
Temara, MA
Temecula, US
Temirtau, KZ
Tempe Junction, US
Tempe, US
Temuco, CL
Tengyue, CN
Teni, IN
Tepexpan, MX
Tepic, MX
Teresina, BR
Teresópolis, BR
Ternate, ID
Terni, IT
Ternopil, UA
Terrassa, ES
Terrebonne, CA
Teshi Old Town, GH
Tete, MZ
Tetuán de las Victorias, ES
Texcoco de Mora, MX
Teziutlan, MX
Teófilo Otoni, BR
Thanh Hóa, VN
Thanh Khê, VN
Thanh Xuân, VN
Thanjavur, IN
Thaton, MM
The Bronx, US
The Hague, NL
Thembisa, ZA
Thenali, IN
Thessaloníki, GR
Thika, KE
Thiruvananthapuram, IN
Thiès Nones, SN
Thiès, SN
Thohoyandou, ZA
Thon Buri, TH
Thoothukudi, IN
Thornton, US
Thousand Oaks, US
Thrissur, IN
Thunder Bay, CA
Thung Khru, TH
Thuqbah, SA
Thuận An, VN
Thuận Thanh, VN
Thành Phố Bà Rịa, VN
Thành phố Sông Công, VN
Thành phố Trà Vinh, VN
Thái Nguyên, VN
Thāne, IN
Thānesar, IN
Thị Trấn Thuận Châu, VN
Thị Trấn Đông Triều, VN
Thị Trấn Đại Từ, VN
Thốt Nốt, VN
Thới Lai, VN
Thủ Dầu Một, VN
Thủ Đức, VN
Tianfu, CN
Tianjin, CN
Tianshui, CN
Tiaret, DZ
Tieli, CN
Tieling, CN
Tigwav, HT
Tijuana, MX
Tilburg, NL
Timika, ID
Timişoara, RO
Timon, BR
Tin Shui Wai, HK
Tinaquillo, VE
Tinsukia, IN
Tirana, AL
Tiraspol, MD
Tirmiz, UZ
Tiruchirappalli, IN
Tirunelveli, IN
Tirupati, IN
Tiruppur, IN
Tiruvannamalai, IN
Tiruvottiyūr, IN
Titiwangsa, MY
Titāgarh, IN
Tivaouane, SN
Tizi Ouzou, DZ
Tiébo, SN
Tlalnepantla, MX
Tlalpan, MX
Tlaquepaque, MX
Tlemcen, DZ
Tláhuac, MX
Toa Payoh New Town, SG
Toamasina, MG
Toba Tek Singh, PK
Tobolsk, RU
Tobruk, LY
Tochigi, JP
Tokat, TR
Tokorozawa, JP
Tokoza, ZA
Tokushima, JP
Tokuyama, JP
Tokyo, JP
Toledo, BR
Toledo, PH
Toledo, US
Toliara, MG
Toluca, MX
Tolyatti, RU
Tomakomai, JP
Tomsk, RU
Tonalá, MX
Tondabayashichō, JP
Tongchuan, CN
Tongchuanshi, CN
Tonghua, CN
Tongliao, CN
Tongling, CN
Tongren, CN
Tongshan, CN
Tongzhou, CN
Tonk, IN
Toowoomba, AU
Topeka, US
Torbat-e Ḩeydarīyeh, IR
Tordher, PK
Toride, JP
Toronto, CA
Torrance, US
Torrejón de Ardoz, ES
Torreón, MX
Toruń, PL
Toshima, JP
Totonicapán, GT
Tottenham, GB
Tottori-shi, JP
Touba, SN
Toufen, TW
Touggourt, DZ
Toulon, FR
Toulouse, FR
Tours, FR
Tovuz, AZ
Townsville, AU
Toyama, JP
Toyohashi, JP
Toyokawa, JP
Toyonaka, JP
Toyota, JP
Trabzon, TR
Trento, IT
Tri-Cities, US
Trier, DE
Trieste, IT
Trincomalee, LK
Trindade, BR
Tripoli, LB
Tripoli, LY
Trois-Rivières, CA
Trondheim, NO
Troparëvo, RU
Trujillo, PE
Trảng Bàng, VN
Tsaritsyno, RU
Tseung Kwan O, HK
Tshikapa, CD
Tshilenge, CD
Tsing Yi Town, HK
Tsu, JP
Tsuchiura, JP
Tsuen Wan, HK
Tsukuba, JP
Tsuruoka, JP
Tsuyama, JP
Tubarão, BR
Tucson, US
Tuen Mun, HK
Tuguegarao, PH
Tula, RU
Tulancingo, MX
Tulsa, US
Tuluá, CO
Tumkūr, IN
Tumxuk, CN
Tunduma, TZ
Tung Chung, HK
Tungi, BD
Tungipara, BD
Tunis, TN
Tunja, CO
Turgutlu, TR
Turhal, TR
Turin, IT
Turkestan, KZ
Turku, FI
Turmero, VE
Turpan, CN
Tuscaloosa, US
Tuxtepec, MX
Tuxtla, MX
Tuy Hòa, VN
Tuyên Quang, VN
Tuzla, BA
Tver, RU
Twifu Praso, GH
Tychy, PL
Tyler, US
Tyoply Stan, RU
Tyre, LB
Tyumen, RU
Táriba, VE
Tân An, VN
Tân Châu, VN
Târgu Mureş, RO
Tây Hồ, VN
Tây Ninh, VN
Tébessa, DZ
Tétouan, MA
Türkmenabat, TM
Tōkai, JP
Tŏkch’ŏn, KP
Tịnh Biên, VN
Ube, JP
Uberaba, BR
Uberlândia, BR
Ubon Ratchathani, TH
Ubá, BR
Udaipur, IN
Udgīr, IN
Udine, IT
Udon Thani, TH
Udupi, IN
Ueda, JP
Ufa, RU
Ugep, NG
Uijeongbu-si, KR
Uji, JP
Ujjain, IN
Ukhta, RU
Ulan Bator, MN
Ulan-Ude, RU
Ulanhot, CN
Ulanqab, CN
Ulhasnagar, IN
Ulm, DE
Ulsan, KR
Ulu Bedok, SG
Uluberiya, IN
Ulyanovsk, RU
Uman, UA
Umarkot, PK
Umeå, SE
Umm Qaşr, IQ
Umraniye, TR
Umuahia, NG
Umuarama, BR
Unaizah, SA
Ungaran, ID
Universal City, US
Unnāo, IN
Upata, VE
Uppal Kalan, IN
Upper West Side, US
Uppsala, SE
Urasoe, JP
Urayasu, JP
Urdaneta, PH
Urganch, UZ
Uromi, NG
Ursynów, PL
Uruapan, MX
Uruguaiana, BR
Uruma, JP
Usera, ES
Ussuriysk, RU
Ust-Kamenogorsk, KZ
Ust’-Ilimsk, RU
Utrecht, NL
Utsunomiya, JP
Uvira, CD
Uyo, NG
Uzhhorod, UA
Uíge, AO
Uşak, TR
Vacoas, MU
Vadodara, IN
Valdivia, CL
Valencia, ES
Valencia, US
Valencia, VE
Valenzuela, PH
Valera, VE
Valinhos, BR
Valladolid, ES
Valle de La Pascua, VE
Valledupar, CO
Vallejo, US
Valparaíso de Goiás, BR
Valparaíso, CL
Valsād, IN
Van Nuys, US
Van, TR
Vancouver, CA
Vancouver, US
Vanderbijlpark, ZA
Vantaa, FI
Vapi, IN
Varanasi, IN
Varginha, BR
Varna, BG
Varāmīn, IR
Vasco da Gama, IN
Vasyl'evsky Ostrov, RU
Vaughan, CA
Vedado, CU
Vejalpur, IN
Velikiy Novgorod, RU
Velikiye Luki, RU
Vellore, IN
Venlo, NL
Venustiano Carranza, MX
Veracruz, MX
Vereeniging, ZA
Verona, IT
Verāval, IN
Veshnyaki, RU
Vespasiano, BR
Viamão, BR
Vicenza, IT
Victoria de Durango, MX
Victoria, CA
Victoria, HK
Victorville, US
Vidisha, IN
Vienna, AT
Vientiane, LA
Vigo, ES
Vihari, PK
Vijayapura, IN
Vijayawada, IN
Vila Andrade, BR
Vila Curuca, BR
Vila Jacui, BR
Vila Maria, BR
Vila Mariana, BR
Vila Matilde, BR
Vila Medeiros, BR
Vila Prudente, BR
Vila Velha, BR
Villa Canales, GT
Villa Lugano, AR
Villa Mercedes, CL
Villa Nueva, GT
Villahermosa, MX
Villaverde, ES
Villavicencio, CO
Ville-Marie, CA
Villeray–Saint-Michel–Parc-Extension, CA
Villeurbanne, FR
Vilnius, LT
Vinh, VN
Vinnytsya, UA
Viranşehir, TR
Virginia Beach, US
Virginia, ZA
Virār, IN
Visakhapatnam, IN
Visalia, US
Viseu, PT
Vista, US
Vitebsk, BY
Vitória da Conquista, BR
Vitória de Santo Antão, BR
Vitória, BR
Vizianagaram, IN
Viña del Mar, CL
Việt Trì, VN
Việt Yên, VN
Vladikavkaz, RU
Vladimir, RU
Vladivostok, RU
Vlorë, AL
Volgodonsk, RU
Volgograd, RU
Vologda, RU
Volta Redonda, BR
Volzhsky, RU
Voronezh, RU
Votorantim, BR
Vryheid, ZA
Vyhurivshchyna-Troieshchyna, UA
Vykhino-Zhulebino, RU
Várzea Grande, BR
Várzea Paulista, BR
Västerås, SE
Vĩnh Châu, VN
Vĩnh Long, VN
Vĩnh Yên, VN
Vũng Tàu, VN
Waco, US
Wad Medani, SD
Wafangdian, CN
Wah Cantt, PK
Wakayama, JP
Wakefield, GB
Walsall, GB
Walthamstow, GB
Wan Chai, HK
Wandsbek, DE
Wang Thonglang, TH
Wangsa Maju, MY
Wanning, CN
Wansheng, CN
Wanxian, CN
Wanzhou, CN
Warangal, IN
Warder, ET
Wardha, IN
Warren, US
Warri, NG
Warrington, GB
Warsaw, PL
Warīsān, AE
Washington Heights, US
Washington, US
Watampone, ID
Waterbury, US
Waterloo, CA
Watford, GB
Watthana, TH
Wau, SS
Wayaobu, CN
Wazirabad, PK
Wałbrzych, PL
Weifang, CN
Weihai, CN
Weinan, CN
Weldiya, ET
Welkom, ZA
Wellington, NZ
Wenchang, CN
Wenshan City, CN
Wenzhou, CN
Weru, ID
West Bromwich, GB
West Covina, US
West Jerusalem, IL
West Jordan, US
West Palm Beach, US
West Raleigh, US
West Valley City, US
Westminster, US
Westonaria, ZA
Whalley, CA
Whitby, CA
Wichita Falls, US
Wichita, US
Wiesbaden, DE
Wigan, GB
Willemstad, CW
Wilmersdorf, DE
Wilmington, US
Windhoek, NA
Windsor, CA
Winejok, SS
Winnipeg, CA
Winston-Salem, US
Winterthur, CH
Witten, DE
Woking, GB
Wola, PL
Wolfsburg, DE
Wollongong, AU
Wolverhampton, GB
Wong Tai Sin, HK
Woodlands, SG
Worcester, GB
Worcester, US
Worcester, ZA
Wrocław, PL
Wuchuan, CN
Wuda, CN
Wugang, CN
Wuhai, CN
Wuhan, CN
Wuhu, CN
Wujiaqu, CN
Wuppertal, DE
Wushan, CN
Wuwei, CN
Wuxi, CN
Wuxue, CN
Wuyishan, CN
Wuzhishan, CN
Wuzhou, CN
Würzburg, DE
Wādī as Sīr, JO
Włocławek, PL
Wŏnju, KR
Wŏnsan, KP
Xai-Xai, MZ
Xalapa de Enríquez, MX
Xiamen, CN
Xiangcheng, CN
Xiangtan, CN
Xiangyang, CN
Xianning, CN
Xiantao, CN
Xianyang, CN
Xiaogan, CN
Xiazhen, CN
Xichang, CN
Xico, MX
Xigang, CN
Xilin Hot, CN
Xilinhot, CN
Xincheng, CN
Xindi, CN
Xinghua, CN
Xingning, CN
Xingtai, CN
Xingyi, CN
Xining, CN
Xinji, CN
Xintai, CN
Xinxiang, CN
Xinyang, CN
Xinyi, CN
Xinyu, CN
Xinyuan, CN
Xinzhai, CN
Xinzhou, CN
Xiulin, CN
Xiuying, CN
Xiva, UZ
Xizhi, TW
Xi’an, CN
Xochimilco, MX
Xuancheng, CN
Xuanhua, CN
Xuchang, CN
Xunchang, CN
Xuyong, CN
Xuzhou, CN
Xuân Lộc, VN
Ya'an, CN
Yachiyo, JP
Yaizu, JP
Yakeshi, CN
Yakutsk, RU
Yamagata, JP
Yamaguchi, JP
Yamato, JP
Yamoussoukro, CI
Yamuna Nagar, IN
Yanbu, SA
Yancheng, CN
Yangcheng, CN
Yangchun, CN
Yangjiang, CN
Yangju, KR
Yangon, MM
Yangquan, CN
Yangsan, KR
Yangshuo, CN
Yangzhou, CN
Yanji, CN
Yantai, CN
Yanzhou, CN
Yan’an, CN
Yao, JP
Yaoundé, CM
Yaritagua, VE
Yaroslavl, RU
Yasenevo, RU
Yautepec, MX
Yavatmāl, IN
Yawnghwe, MM
Yazd, IR
Yei, SS
Yekaterinburg, RU
Yelahanka, IN
Yelets, RU
Yenagoa, NG
Yenangyaung, MM
Yeoju, KR
Yeosu, KR
Yerevan, AM
Yevlakh, AZ
Yevpatoriya, UA
Yezhou, CN
Yibin, CN
Yichang, CN
Yichun, CN
Yichun, CN
Yidu, CN
Yinchuan, CN
Yingkou, CN
Yingtan, CN
Yintai, CN
Yishun New Town, SG
Yiwu, CN
Yixing, CN
Yizhou, CN
Yogyakarta, ID
Yokkaichi, JP
Yokohama, JP
Yokosuka, JP
Yola, NG
Yonago, JP
Yongchuan, CN
Yongkang, TW
Yongzhou, CN
Yong’an, CN
Yonkers, US
Yono, JP
Yopal, CO
York, GB
Yoshkar-Ola, RU
Youkaichi, JP
Yuanlin, TW
Yuci, CN
Yuen Long Kau Hui, HK
Yuen Long San Hui, HK
Yuen Long, HK
Yueyang, CN
Yulin, CN
Yuncheng, CN
Yunfu, CN
Yunlong, CN
Yunusobod, UZ
Yushu, CN
Yushu, CN
Yuxi, CN
Yuyao, CN
Yuzhno-Sakhalinsk, RU
Yên Bái, VN
Yên Vinh, VN
Zaanstad, NL
Zabrze, PL
Zacatecas, MX
Zagazig, EG
Zagreb, HR
Zahedan, IR
Zama, JP
Zamboanga, PH
Zamora de Hidalgo, MX
Zanjan, IR
Zanzibar, TZ
Zaoyang, CN
Zaozhuang, CN
Zapopan, MX
Zaporizhzhya, UA
Zaragoza, ES
Zaria, NG
Zarqa, JO
Zawiya, LY
Zefta, EG
Zelenograd, RU
Zemun, RS
Zenica, BA
Zeytinburnu, TR
Zhabei, CN
Zhalantun, CN
Zhanaozen, KZ
Zhangjiagang, CN
Zhangjiajie, CN
Zhangjiakou, CN
Zhangye, CN
Zhangzhou, CN
Zhanjiang, CN
Zhaodong, CN
Zhaoqing, CN
Zhaotong, CN
Zhaoyuan, CN
Zhaozhou, CN
Zheleznodorozhnyy, RU
Zhengding, CN
Zhengzhou, CN
Zhenjiang, CN
Zhenping, CN
Zhenzhou, CN
Zhezqazghan, KZ
Zhicheng, CN
Zhonghe, CN
Zhongshan, CN
Zhongxiang, CN
Zhoucun, CN
Zhoukou, CN
Zhoushan, CN
Zhu Cheng City, CN
Zhubei, TW
Zhucheng, CN
Zhuhai, CN
Zhuji, CN
Zhulebino, RU
Zhumadian, CN
Zhuzhou, CN
Zhytomyr, UA
Zibo, CN
Zielona Góra, PL
Zigong, CN
Ziguinchor, SN
Zinder, NE
Zipaquirá, CO
Zitong, CN
Ziyang, CN
Zlatoust, RU
Zliten, LY
Zoetermeer, NL
Zomba, MW
Zonguldak, TR
Zoucheng, CN
Zugló, HU
Zumpango, MX
Zunyi, CN
Zwolle, NL
Zyablikovo, RU
Zyuzino, RU
Zürich, CH
Zābol, IR
eMbalenhle, ZA
Águas Claras, BR
Águas Lindas de Goiás, BR
Álvaro Obregón, MX
Århus, DK
Çanakkale, TR
Çankaya, TR
Çiğli, TR
Çorlu, TR
Çorum, TR
Ébolowa, CM
Ðà Lạt, VN
Ðông Hà, VN
Ñuñoa, CL
Ô Môn, VN
Örebro, SE
Újpest, HU
Ürümqi, CN
Üsküdar, TR
Ādilābād, IN
Ādīgrat, ET
Ālā'ĕr, CN
Āmol, IR
Ārabī, ET
Āsansol, IN
Āsela, ET
Āzādshahr, IR
Čačak, RS
Điện Bàn, VN
Đưc Trọng, VN
Đống Đa, VN
Đồng Hới, VN
Đồng Xoài, VN
Đức Phổ, VN
Īlām, IR
Īz̄eh, IR
İnegol, TR
İskenderun, TR
İzmir, TR
İzmit, TR
Łódź, PL
Ōgaki, JP
Ōita, JP
Ōme, JP
Ōmuta, JP
Ōnojō, JP
Ōsaki, JP
Ōshū, JP
Ōta, JP
Ōta, JP
Ōtsu, JP
Şabāḩ as Sālim, KW
Şalālah, OM
Şanlıurfa, TR
Şaḩam, OM
Şişli, TR
Ţahţā, EG
Ţalkhā, EG
Ţarţūs, SY
Ţimā, EG
Ŭllyul, KP
Ḩadā’iq al Qubbah, EG
Ḩalwān, EG
Ḩamāh, SY
Ḩawallī, KW
Ḩayy Khildā, JO
Ṣuwayliḥ, JO
‘Ajlūn, JO
‘Ibrī, OM
